Timestamp,User Count,Type,Name,Requests/s,Failures/s,50%,66%,75%,80%,90%,95%,98%,99%,99.9%,99.99%,100%,Total Request Count,Total Failure Count,Total Median Response Time,Total Average Response Time,Total Min Response Time,Total Max Response Time,Total Average Content Size
1610806667,1,,Aggregated,0.000000,0.000000,N/A,N/A,N/A,N/A,N/A,N/A,N/A,N/A,N/A,N/A,N/A,0,0,0,0,0,0,0
1610806668,1,,Aggregated,0.000000,0.000000,18,18,18,18,18,18,18,18,18,18,18,1,0,17.766889999961677,17.766889999961677,17.766889999961677,17.766889999961677,418.0
1610806669,1,,Aggregated,0.000000,0.000000,18,18,18,18,18,18,18,18,18,18,18,1,0,17.766889999961677,17.766889999961677,17.766889999961677,17.766889999961677,418.0
1610806670,1,,Aggregated,0.000000,0.000000,18,18,18,18,18,18,18,18,18,18,18,1,0,17.766889999961677,17.766889999961677,17.766889999961677,17.766889999961677,418.0
1610806671,1,,Aggregated,0.000000,0.000000,18,18,18,18,18,18,18,18,18,18,18,1,0,17.766889999961677,17.766889999961677,17.766889999961677,17.766889999961677,418.0
1610806672,1,,Aggregated,0.000000,0.000000,18,18,18,18,18,18,18,18,18,18,18,1,0,17.766889999961677,17.766889999961677,17.766889999961677,17.766889999961677,418.0
1610806673,1,,Aggregated,0.333333,0.000000,18,18,18,18,18,18,18,18,18,18,18,2,1,3.042308000090088,10.404599000025883,3.042308000090088,17.766889999961677,209.0
1610806674,1,,Aggregated,0.333333,0.000000,18,18,18,18,18,18,18,18,18,18,18,2,1,3.042308000090088,10.404599000025883,3.042308000090088,17.766889999961677,209.0
1610806675,1,,Aggregated,0.333333,0.000000,18,18,18,18,18,18,18,18,18,18,18,2,1,3.042308000090088,10.404599000025883,3.042308000090088,17.766889999961677,209.0
1610806676,1,,Aggregated,0.333333,0.000000,18,18,18,18,18,18,18,18,18,18,18,2,1,3.042308000090088,10.404599000025883,3.042308000090088,17.766889999961677,209.0
1610806677,1,,Aggregated,0.333333,0.000000,18,18,18,18,18,18,18,18,18,18,18,2,1,3.042308000090088,10.404599000025883,3.042308000090088,17.766889999961677,209.0
1610806678,1,,Aggregated,0.250000,0.125000,7,7,18,18,18,18,18,18,18,18,18,3,1,7,9.378518666684007,3.042308000090088,17.766889999961677,278.6666666666667
1610806679,1,,Aggregated,0.250000,0.125000,7,7,18,18,18,18,18,18,18,18,18,3,1,7,9.378518666684007,3.042308000090088,17.766889999961677,278.6666666666667
1610806680,1,,Aggregated,0.250000,0.125000,7,7,18,18,18,18,18,18,18,18,18,3,1,7,9.378518666684007,3.042308000090088,17.766889999961677,278.6666666666667
1610806681,1,,Aggregated,0.250000,0.125000,7,7,18,18,18,18,18,18,18,18,18,3,1,7,9.378518666684007,3.042308000090088,17.766889999961677,278.6666666666667
1610806682,1,,Aggregated,0.250000,0.125000,7,7,18,18,18,18,18,18,18,18,18,3,1,7,9.378518666684007,3.042308000090088,17.766889999961677,278.6666666666667
1610806683,1,,Aggregated,0.200000,0.100000,7,7,18,18,18,18,18,18,18,18,18,4,1,5,8.359628250019568,3.042308000090088,17.766889999961677,313.5
1610806684,1,,Aggregated,0.200000,0.100000,7,7,18,18,18,18,18,18,18,18,18,4,1,5,8.359628250019568,3.042308000090088,17.766889999961677,313.5
1610806685,1,,Aggregated,0.200000,0.100000,7,7,18,18,18,18,18,18,18,18,18,4,1,5,8.359628250019568,3.042308000090088,17.766889999961677,313.5
1610806686,1,,Aggregated,0.200000,0.100000,7,7,18,18,18,18,18,18,18,18,18,4,1,5,8.359628250019568,3.042308000090088,17.766889999961677,313.5
1610806687,1,,Aggregated,0.200000,0.100000,7,7,18,18,18,18,18,18,18,18,18,4,1,5,8.359628250019568,3.042308000090088,17.766889999961677,313.5
1610806688,1,,Aggregated,0.200000,0.000000,5,7,7,18,18,18,18,18,18,18,18,5,1,5,7.669867800018437,3.042308000090088,17.766889999961677,334.4
1610806689,1,,Aggregated,0.200000,0.000000,5,7,7,18,18,18,18,18,18,18,18,5,1,5,7.669867800018437,3.042308000090088,17.766889999961677,334.4
1610806690,1,,Aggregated,0.200000,0.000000,5,7,7,18,18,18,18,18,18,18,18,5,1,5,7.669867800018437,3.042308000090088,17.766889999961677,334.4
1610806691,1,,Aggregated,0.200000,0.000000,5,7,7,18,18,18,18,18,18,18,18,5,1,5,7.669867800018437,3.042308000090088,17.766889999961677,334.4
1610806692,1,,Aggregated,0.200000,0.000000,5,7,7,18,18,18,18,18,18,18,18,5,1,5,7.669867800018437,3.042308000090088,17.766889999961677,334.4
1610806693,1,,Aggregated,0.200000,0.000000,5,5,7,7,18,18,18,18,18,18,18,6,1,5,7.249790833346499,3.042308000090088,17.766889999961677,348.3333333333333
1610806694,1,,Aggregated,0.200000,0.000000,5,5,7,7,18,18,18,18,18,18,18,6,1,5,7.249790833346499,3.042308000090088,17.766889999961677,348.3333333333333
1610806695,1,,Aggregated,0.200000,0.000000,5,5,7,7,18,18,18,18,18,18,18,6,1,5,7.249790833346499,3.042308000090088,17.766889999961677,348.3333333333333
1610806696,1,,Aggregated,0.200000,0.000000,5,5,7,7,18,18,18,18,18,18,18,6,1,5,7.249790833346499,3.042308000090088,17.766889999961677,348.3333333333333
1610806697,1,,Aggregated,0.200000,0.000000,5,5,7,7,18,18,18,18,18,18,18,6,1,5,7.249790833346499,3.042308000090088,17.766889999961677,348.3333333333333
1610806698,1,,Aggregated,0.200000,0.000000,5,5,7,7,18,18,18,18,18,18,18,7,1,5,6.917228714298419,3.042308000090088,17.766889999961677,358.2857142857143
1610806699,1,,Aggregated,0.200000,0.000000,5,5,7,7,18,18,18,18,18,18,18,7,1,5,6.917228714298419,3.042308000090088,17.766889999961677,358.2857142857143
1610806700,1,,Aggregated,0.200000,0.000000,5,5,7,7,18,18,18,18,18,18,18,7,1,5,6.917228714298419,3.042308000090088,17.766889999961677,358.2857142857143
1610806701,1,,Aggregated,0.200000,0.000000,5,5,7,7,18,18,18,18,18,18,18,7,1,5,6.917228714298419,3.042308000090088,17.766889999961677,358.2857142857143
1610806702,1,,Aggregated,0.200000,0.000000,5,5,7,7,18,18,18,18,18,18,18,7,1,5,6.917228714298419,3.042308000090088,17.766889999961677,358.2857142857143
1610806703,1,,Aggregated,0.200000,0.000000,5,5,7,7,18,18,18,18,18,18,18,8,1,5,6.716662125000994,3.042308000090088,17.766889999961677,365.75
1610806704,1,,Aggregated,0.200000,0.000000,5,5,7,7,18,18,18,18,18,18,18,8,1,5,6.716662125000994,3.042308000090088,17.766889999961677,365.75
1610806705,1,,Aggregated,0.200000,0.000000,5,5,7,7,18,18,18,18,18,18,18,8,1,5,6.716662125000994,3.042308000090088,17.766889999961677,365.75
1610806706,1,,Aggregated,0.200000,0.000000,5,5,7,7,18,18,18,18,18,18,18,8,1,5,6.716662125000994,3.042308000090088,17.766889999961677,365.75
1610806707,1,,Aggregated,0.200000,0.000000,5,5,7,7,18,18,18,18,18,18,18,8,1,5,6.716662125000994,3.042308000090088,17.766889999961677,365.75
1610806708,1,,Aggregated,0.200000,0.000000,5,5,5,7,18,18,18,18,18,18,18,9,1,5,6.567010111110802,3.042308000090088,17.766889999961677,371.55555555555554
1610806709,1,,Aggregated,0.200000,0.000000,5,5,5,7,18,18,18,18,18,18,18,9,1,5,6.567010111110802,3.042308000090088,17.766889999961677,371.55555555555554
1610806710,1,,Aggregated,0.200000,0.000000,5,5,5,7,18,18,18,18,18,18,18,9,1,5,6.567010111110802,3.042308000090088,17.766889999961677,371.55555555555554
1610806711,1,,Aggregated,0.200000,0.000000,5,5,5,7,18,18,18,18,18,18,18,9,1,5,6.567010111110802,3.042308000090088,17.766889999961677,371.55555555555554
1610806712,1,,Aggregated,0.200000,0.000000,5,5,5,7,18,18,18,18,18,18,18,10,1,5,6.440933400006088,3.042308000090088,17.766889999961677,376.2
1610806713,1,,Aggregated,0.200000,0.000000,5,5,5,7,18,18,18,18,18,18,18,10,1,5,6.440933400006088,3.042308000090088,17.766889999961677,376.2
1610806714,1,,Aggregated,0.200000,0.000000,5,5,5,7,18,18,18,18,18,18,18,10,1,5,6.440933400006088,3.042308000090088,17.766889999961677,376.2
1610806715,1,,Aggregated,0.200000,0.000000,5,5,5,7,18,18,18,18,18,18,18,10,1,5,6.440933400006088,3.042308000090088,17.766889999961677,376.2
1610806716,1,,Aggregated,0.200000,0.000000,5,5,5,7,18,18,18,18,18,18,18,10,1,5,6.440933400006088,3.042308000090088,17.766889999961677,376.2
1610806717,1,,Aggregated,0.200000,0.000000,5,5,7,7,8,18,18,18,18,18,18,11,1,5,6.548857545464092,3.042308000090088,17.766889999961677,380.0
1610806718,1,,Aggregated,0.200000,0.000000,5,5,7,7,8,18,18,18,18,18,18,11,1,5,6.548857545464092,3.042308000090088,17.766889999961677,380.0
1610806719,1,,Aggregated,0.200000,0.000000,5,5,7,7,8,18,18,18,18,18,18,11,1,5,6.548857545464092,3.042308000090088,17.766889999961677,380.0
1610806720,1,,Aggregated,0.200000,0.000000,5,5,7,7,8,18,18,18,18,18,18,11,1,5,6.548857545464092,3.042308000090088,17.766889999961677,380.0
1610806721,1,,Aggregated,0.200000,0.000000,5,5,7,7,8,18,18,18,18,18,18,11,1,5,6.548857545464092,3.042308000090088,17.766889999961677,380.0
1610806722,1,,Aggregated,0.200000,0.000000,5,5,7,7,8,18,18,18,18,18,18,12,1,5,6.421038833347363,3.042308000090088,17.766889999961677,383.1666666666667
1610806723,1,,Aggregated,0.200000,0.000000,5,5,7,7,8,18,18,18,18,18,18,12,1,5,6.421038833347363,3.042308000090088,17.766889999961677,383.1666666666667
1610806724,1,,Aggregated,0.200000,0.000000,5,5,7,7,8,18,18,18,18,18,18,12,1,5,6.421038833347363,3.042308000090088,17.766889999961677,383.1666666666667
1610806725,1,,Aggregated,0.200000,0.000000,5,5,7,7,8,18,18,18,18,18,18,12,1,5,6.421038833347363,3.042308000090088,17.766889999961677,383.1666666666667
1610806726,1,,Aggregated,0.200000,0.000000,5,5,7,7,8,18,18,18,18,18,18,12,1,5,6.421038833347363,3.042308000090088,17.766889999961677,383.1666666666667
1610806727,1,,Aggregated,0.200000,0.000000,5,5,5,7,8,18,18,18,18,18,18,13,2,5,6.152268923091679,2.9270300000234784,17.766889999961677,353.6923076923077
1610806728,1,,Aggregated,0.200000,0.000000,5,5,5,7,8,18,18,18,18,18,18,13,2,5,6.152268923091679,2.9270300000234784,17.766889999961677,353.6923076923077
1610806729,1,,Aggregated,0.200000,0.000000,5,5,5,7,8,18,18,18,18,18,18,13,2,5,6.152268923091679,2.9270300000234784,17.766889999961677,353.6923076923077
1610806730,1,,Aggregated,0.200000,0.000000,5,5,5,7,8,18,18,18,18,18,18,13,2,5,6.152268923091679,2.9270300000234784,17.766889999961677,353.6923076923077
1610806731,1,,Aggregated,0.200000,0.000000,5,5,5,7,8,18,18,18,18,18,18,13,2,5,6.152268923091679,2.9270300000234784,17.766889999961677,353.6923076923077
1610806732,1,,Aggregated,0.200000,0.100000,5,5,5,7,8,18,18,18,18,18,18,14,2,5,6.083736785732136,2.9270300000234784,17.766889999961677,358.2857142857143
1610806733,1,,Aggregated,0.200000,0.100000,5,5,5,7,8,18,18,18,18,18,18,14,2,5,6.083736785732136,2.9270300000234784,17.766889999961677,358.2857142857143
1610806734,1,,Aggregated,0.200000,0.100000,5,5,5,7,8,18,18,18,18,18,18,14,2,5,6.083736785732136,2.9270300000234784,17.766889999961677,358.2857142857143
1610806735,1,,Aggregated,0.200000,0.100000,5,5,5,7,8,18,18,18,18,18,18,14,2,5,6.083736785732136,2.9270300000234784,17.766889999961677,358.2857142857143
1610806736,1,,Aggregated,0.200000,0.100000,5,5,5,7,8,18,18,18,18,18,18,14,2,5,6.083736785732136,2.9270300000234784,17.766889999961677,358.2857142857143
1610806737,1,,Aggregated,0.200000,0.100000,5,5,5,7,8,18,18,18,18,18,18,15,3,5,5.851648733346337,2.6024159999451513,17.766889999961677,334.4
1610806738,1,,Aggregated,0.200000,0.100000,5,5,5,7,8,18,18,18,18,18,18,15,3,5,5.851648733346337,2.6024159999451513,17.766889999961677,334.4
1610806739,1,,Aggregated,0.200000,0.100000,5,5,5,7,8,18,18,18,18,18,18,15,3,5,5.851648733346337,2.6024159999451513,17.766889999961677,334.4
1610806740,1,,Aggregated,0.200000,0.100000,5,5,5,7,8,18,18,18,18,18,18,15,3,5,5.851648733346337,2.6024159999451513,17.766889999961677,334.4
1610806741,1,,Aggregated,0.200000,0.100000,5,5,5,7,8,18,18,18,18,18,18,15,3,5,5.851648733346337,2.6024159999451513,17.766889999961677,334.4
1610806742,1,,Aggregated,0.200000,0.100000,5,5,5,5,8,18,18,18,18,18,18,16,3,5,5.8247557500124,2.6024159999451513,17.766889999961677,339.625
1610806743,1,,Aggregated,0.200000,0.100000,5,5,5,5,8,18,18,18,18,18,18,16,3,5,5.8247557500124,2.6024159999451513,17.766889999961677,339.625
1610806744,1,,Aggregated,0.200000,0.100000,5,5,5,5,8,18,18,18,18,18,18,16,3,5,5.8247557500124,2.6024159999451513,17.766889999961677,339.625
1610806745,1,,Aggregated,0.200000,0.100000,5,5,5,5,8,18,18,18,18,18,18,16,3,5,5.8247557500124,2.6024159999451513,17.766889999961677,339.625
1610806746,1,,Aggregated,0.200000,0.100000,5,5,5,5,8,18,18,18,18,18,18,16,3,5,5.8247557500124,2.6024159999451513,17.766889999961677,339.625
1610806747,1,,Aggregated,0.200000,0.100000,5,5,5,5,8,18,18,18,18,18,18,17,4,5,5.6373574705984915,2.6024159999451513,17.766889999961677,319.6470588235294
1610806748,1,,Aggregated,0.200000,0.100000,5,5,5,5,8,18,18,18,18,18,18,17,4,5,5.6373574705984915,2.6024159999451513,17.766889999961677,319.6470588235294
1610806749,1,,Aggregated,0.200000,0.100000,5,5,5,5,8,18,18,18,18,18,18,17,4,5,5.6373574705984915,2.6024159999451513,17.766889999961677,319.6470588235294
1610806750,1,,Aggregated,0.200000,0.100000,5,5,5,5,8,18,18,18,18,18,18,17,4,5,5.6373574705984915,2.6024159999451513,17.766889999961677,319.6470588235294
1610806751,1,,Aggregated,0.200000,0.100000,5,5,5,5,8,18,18,18,18,18,18,17,4,5,5.6373574705984915,2.6024159999451513,17.766889999961677,319.6470588235294
1610806752,1,,Aggregated,0.200000,0.100000,5,5,5,5,8,18,18,18,18,18,18,18,4,5,5.621513777788954,2.6024159999451513,17.766889999961677,325.1111111111111
1610806753,1,,Aggregated,0.200000,0.100000,5,5,5,5,8,18,18,18,18,18,18,18,4,5,5.621513777788954,2.6024159999451513,17.766889999961677,325.1111111111111
1610806754,1,,Aggregated,0.200000,0.100000,5,5,5,5,8,18,18,18,18,18,18,18,4,5,5.621513777788954,2.6024159999451513,17.766889999961677,325.1111111111111
1610806755,1,,Aggregated,0.200000,0.100000,5,5,5,5,8,18,18,18,18,18,18,18,4,5,5.621513777788954,2.6024159999451513,17.766889999961677,325.1111111111111
1610806756,1,,Aggregated,0.200000,0.100000,5,5,5,5,8,18,18,18,18,18,18,18,4,5,5.621513777788954,2.6024159999451513,17.766889999961677,325.1111111111111
1610806757,1,,Aggregated,0.200000,0.100000,5,5,5,6,8,18,18,18,18,18,18,19,4,5,5.634089000008508,2.6024159999451513,17.766889999961677,330.0
1610806758,1,,Aggregated,0.200000,0.100000,5,5,5,6,8,18,18,18,18,18,18,19,4,5,5.634089000008508,2.6024159999451513,17.766889999961677,330.0
1610806759,1,,Aggregated,0.200000,0.100000,5,5,5,6,8,18,18,18,18,18,18,19,4,5,5.634089000008508,2.6024159999451513,17.766889999961677,330.0
1610806760,1,,Aggregated,0.200000,0.100000,5,5,5,6,8,18,18,18,18,18,18,19,4,5,5.634089000008508,2.6024159999451513,17.766889999961677,330.0
1610806761,1,,Aggregated,0.200000,0.100000,5,5,5,6,8,18,18,18,18,18,18,19,4,5,5.634089000008508,2.6024159999451513,17.766889999961677,330.0
1610806762,1,,Aggregated,0.200000,0.000000,5,5,5,6,8,18,18,18,18,18,18,20,4,5,5.59643800000913,2.6024159999451513,17.766889999961677,334.4
1610806763,1,,Aggregated,0.200000,0.000000,5,5,5,6,8,18,18,18,18,18,18,20,4,5,5.59643800000913,2.6024159999451513,17.766889999961677,334.4
1610806764,1,,Aggregated,0.200000,0.000000,5,5,5,6,8,18,18,18,18,18,18,20,4,5,5.59643800000913,2.6024159999451513,17.766889999961677,334.4
1610806765,1,,Aggregated,0.200000,0.000000,5,5,5,6,8,18,18,18,18,18,18,20,4,5,5.59643800000913,2.6024159999451513,17.766889999961677,334.4
1610806766,1,,Aggregated,0.200000,0.000000,5,5,5,6,8,18,18,18,18,18,18,20,4,5,5.59643800000913,2.6024159999451513,17.766889999961677,334.4
1610806767,1,,Aggregated,0.200000,0.000000,5,5,5,5,7,8,18,18,18,18,18,21,4,5,5.584323428576811,2.6024159999451513,17.766889999961677,338.3809523809524
1610806768,1,,Aggregated,0.200000,0.000000,5,5,5,5,7,8,18,18,18,18,18,21,4,5,5.584323428576811,2.6024159999451513,17.766889999961677,338.3809523809524
1610806769,1,,Aggregated,0.200000,0.000000,5,5,5,5,7,8,18,18,18,18,18,21,4,5,5.584323428576811,2.6024159999451513,17.766889999961677,338.3809523809524
1610806770,1,,Aggregated,0.200000,0.000000,5,5,5,5,7,8,18,18,18,18,18,21,4,5,5.584323428576811,2.6024159999451513,17.766889999961677,338.3809523809524
1610806771,1,,Aggregated,0.200000,0.000000,5,5,5,5,7,8,18,18,18,18,18,21,4,5,5.584323428576811,2.6024159999451513,17.766889999961677,338.3809523809524
1610806772,1,,Aggregated,0.200000,0.000000,5,5,5,5,7,8,18,18,18,18,18,22,4,5,5.553321409091826,2.6024159999451513,17.766889999961677,342.0
1610806773,1,,Aggregated,0.200000,0.000000,5,5,5,5,7,8,18,18,18,18,18,22,4,5,5.553321409091826,2.6024159999451513,17.766889999961677,342.0
1610806774,1,,Aggregated,0.200000,0.000000,5,5,5,5,7,8,18,18,18,18,18,22,4,5,5.553321409091826,2.6024159999451513,17.766889999961677,342.0
1610806775,1,,Aggregated,0.200000,0.000000,5,5,5,5,7,8,18,18,18,18,18,22,4,5,5.553321409091826,2.6024159999451513,17.766889999961677,342.0
1610806776,1,,Aggregated,0.200000,0.000000,5,5,5,5,7,8,18,18,18,18,18,22,4,5,5.553321409091826,2.6024159999451513,17.766889999961677,342.0
1610806777,1,,Aggregated,0.200000,0.000000,5,5,5,5,7,8,18,18,18,18,18,23,4,5,5.526582521739606,2.6024159999451513,17.766889999961677,345.30434782608694
1610806778,1,,Aggregated,0.200000,0.000000,5,5,5,5,7,8,18,18,18,18,18,23,4,5,5.526582521739606,2.6024159999451513,17.766889999961677,345.30434782608694
1610806779,1,,Aggregated,0.200000,0.000000,5,5,5,5,7,8,18,18,18,18,18,23,4,5,5.526582521739606,2.6024159999451513,17.766889999961677,345.30434782608694
1610806780,1,,Aggregated,0.200000,0.000000,5,5,5,5,7,8,18,18,18,18,18,23,4,5,5.526582521739606,2.6024159999451513,17.766889999961677,345.30434782608694
1610806781,1,,Aggregated,0.200000,0.000000,5,5,5,5,7,8,18,18,18,18,18,23,4,5,5.526582521739606,2.6024159999451513,17.766889999961677,345.30434782608694
1610806782,1,,Aggregated,0.200000,0.000000,5,5,5,5,7,8,18,18,18,18,18,24,4,5,5.496730916670837,2.6024159999451513,17.766889999961677,348.3333333333333
1610806783,1,,Aggregated,0.200000,0.000000,5,5,5,5,7,8,18,18,18,18,18,24,4,5,5.496730916670837,2.6024159999451513,17.766889999961677,348.3333333333333
1610806784,1,,Aggregated,0.200000,0.000000,5,5,5,5,7,8,18,18,18,18,18,24,4,5,5.496730916670837,2.6024159999451513,17.766889999961677,348.3333333333333
1610806785,1,,Aggregated,0.200000,0.000000,5,5,5,5,7,8,18,18,18,18,18,24,4,5,5.496730916670837,2.6024159999451513,17.766889999961677,348.3333333333333
1610806786,1,,Aggregated,0.200000,0.000000,5,5,5,5,7,8,18,18,18,18,18,24,4,5,5.496730916670837,2.6024159999451513,17.766889999961677,348.3333333333333
1610806787,1,,Aggregated,0.200000,0.000000,5,5,5,5,7,8,18,18,18,18,18,25,4,5,5.470800360003523,2.6024159999451513,17.766889999961677,351.12
1610806788,1,,Aggregated,0.200000,0.000000,5,5,5,5,7,8,18,18,18,18,18,25,4,5,5.470800360003523,2.6024159999451513,17.766889999961677,351.12
1610806789,1,,Aggregated,0.200000,0.000000,5,5,5,5,7,8,18,18,18,18,18,25,4,5,5.470800360003523,2.6024159999451513,17.766889999961677,351.12
1610806790,1,,Aggregated,0.200000,0.000000,5,5,5,5,7,8,18,18,18,18,18,25,4,5,5.470800360003523,2.6024159999451513,17.766889999961677,351.12
1610806791,1,,Aggregated,0.200000,0.000000,5,5,5,5,7,8,18,18,18,18,18,25,4,5,5.470800360003523,2.6024159999451513,17.766889999961677,351.12
1610806792,1,,Aggregated,0.200000,0.000000,5,5,5,5,7,8,18,18,18,18,18,26,4,5,5.44053746154287,2.6024159999451513,17.766889999961677,353.6923076923077
1610806793,1,,Aggregated,0.200000,0.000000,5,5,5,5,7,8,18,18,18,18,18,26,4,5,5.44053746154287,2.6024159999451513,17.766889999961677,353.6923076923077
1610806794,1,,Aggregated,0.200000,0.000000,5,5,5,5,7,8,18,18,18,18,18,26,4,5,5.44053746154287,2.6024159999451513,17.766889999961677,353.6923076923077
1610806795,1,,Aggregated,0.200000,0.000000,5,5,5,5,7,8,18,18,18,18,18,26,4,5,5.44053746154287,2.6024159999451513,17.766889999961677,353.6923076923077
1610806796,1,,Aggregated,0.200000,0.000000,5,5,5,5,7,8,18,18,18,18,18,26,4,5,5.44053746154287,2.6024159999451513,17.766889999961677,353.6923076923077
1610806797,1,,Aggregated,0.200000,0.000000,5,5,5,5,7,8,18,18,18,18,18,27,4,5,5.418113925926533,2.6024159999451513,17.766889999961677,356.0740740740741
1610806798,1,,Aggregated,0.200000,0.000000,5,5,5,5,7,8,18,18,18,18,18,27,4,5,5.418113925926533,2.6024159999451513,17.766889999961677,356.0740740740741
1610806799,1,,Aggregated,0.200000,0.000000,5,5,5,5,7,8,18,18,18,18,18,27,4,5,5.418113925926533,2.6024159999451513,17.766889999961677,356.0740740740741
1610806800,1,,Aggregated,0.200000,0.000000,5,5,5,5,7,8,18,18,18,18,18,27,4,5,5.418113925926533,2.6024159999451513,17.766889999961677,356.0740740740741
1610806801,1,,Aggregated,0.200000,0.000000,5,5,5,5,7,8,18,18,18,18,18,27,4,5,5.418113925926533,2.6024159999451513,17.766889999961677,356.0740740740741
1610806802,1,,Aggregated,0.200000,0.000000,5,5,5,5,7,8,18,18,18,18,18,28,4,5,5.3973332142861965,2.6024159999451513,17.766889999961677,358.2857142857143
1610806803,1,,Aggregated,0.200000,0.000000,5,5,5,5,7,8,18,18,18,18,18,28,4,5,5.3973332142861965,2.6024159999451513,17.766889999961677,358.2857142857143
1610806804,1,,Aggregated,0.200000,0.000000,5,5,5,5,7,8,18,18,18,18,18,28,4,5,5.3973332142861965,2.6024159999451513,17.766889999961677,358.2857142857143
1610806805,1,,Aggregated,0.200000,0.000000,5,5,5,5,7,8,18,18,18,18,18,28,4,5,5.3973332142861965,2.6024159999451513,17.766889999961677,358.2857142857143
1610806806,1,,Aggregated,0.200000,0.000000,5,5,5,5,7,8,18,18,18,18,18,28,4,5,5.3973332142861965,2.6024159999451513,17.766889999961677,358.2857142857143
1610806807,1,,Aggregated,0.200000,0.000000,5,5,5,5,7,8,18,18,18,18,18,29,4,5,5.377729999999058,2.6024159999451513,17.766889999961677,360.3448275862069
1610806808,1,,Aggregated,0.200000,0.000000,5,5,5,5,7,8,18,18,18,18,18,29,4,5,5.377729999999058,2.6024159999451513,17.766889999961677,360.3448275862069
1610806809,1,,Aggregated,0.200000,0.000000,5,5,5,5,7,8,18,18,18,18,18,29,4,5,5.377729999999058,2.6024159999451513,17.766889999961677,360.3448275862069
1610806810,1,,Aggregated,0.200000,0.000000,5,5,5,5,7,8,18,18,18,18,18,29,4,5,5.377729999999058,2.6024159999451513,17.766889999961677,360.3448275862069
1610806811,1,,Aggregated,0.200000,0.000000,5,5,5,5,7,8,18,18,18,18,18,29,4,5,5.377729999999058,2.6024159999451513,17.766889999961677,360.3448275862069
1610806812,1,,Aggregated,0.200000,0.000000,5,5,5,5,7,8,18,18,18,18,18,30,5,5,5.26825373333016,2.0934419999321108,17.766889999961677,348.3333333333333
1610806813,1,,Aggregated,0.200000,0.000000,5,5,5,5,7,8,18,18,18,18,18,30,5,5,5.26825373333016,2.0934419999321108,17.766889999961677,348.3333333333333
1610806814,1,,Aggregated,0.200000,0.000000,5,5,5,5,7,8,18,18,18,18,18,30,5,5,5.26825373333016,2.0934419999321108,17.766889999961677,348.3333333333333
1610806815,1,,Aggregated,0.200000,0.000000,5,5,5,5,7,8,18,18,18,18,18,30,5,5,5.26825373333016,2.0934419999321108,17.766889999961677,348.3333333333333
1610806816,1,,Aggregated,0.200000,0.000000,5,5,5,5,7,8,18,18,18,18,18,30,5,5,5.26825373333016,2.0934419999321108,17.766889999961677,348.3333333333333
1610806817,1,,Aggregated,0.200000,0.100000,5,5,5,5,6,8,18,18,18,18,18,31,5,5,5.278197677416903,2.0934419999321108,17.766889999961677,350.5806451612903
1610806818,1,,Aggregated,0.200000,0.100000,5,5,5,5,6,8,18,18,18,18,18,31,5,5,5.278197677416903,2.0934419999321108,17.766889999961677,350.5806451612903
1610806819,1,,Aggregated,0.200000,0.100000,5,5,5,5,6,8,18,18,18,18,18,31,5,5,5.278197677416903,2.0934419999321108,17.766889999961677,350.5806451612903
1610806820,1,,Aggregated,0.200000,0.100000,5,5,5,5,6,8,18,18,18,18,18,31,5,5,5.278197677416903,2.0934419999321108,17.766889999961677,350.5806451612903
1610806821,1,,Aggregated,0.200000,0.100000,5,5,5,5,6,8,18,18,18,18,18,31,5,5,5.278197677416903,2.0934419999321108,17.766889999961677,350.5806451612903
1610806822,1,,Aggregated,0.200000,0.100000,5,5,5,5,6,8,18,18,18,18,18,32,5,5,5.2645221874989545,2.0934419999321108,17.766889999961677,352.6875
1610806823,1,,Aggregated,0.200000,0.100000,5,5,5,5,6,8,18,18,18,18,18,32,5,5,5.2645221874989545,2.0934419999321108,17.766889999961677,352.6875
1610806824,1,,Aggregated,0.200000,0.100000,5,5,5,5,6,8,18,18,18,18,18,32,5,5,5.2645221874989545,2.0934419999321108,17.766889999961677,352.6875
1610806825,1,,Aggregated,0.200000,0.100000,5,5,5,5,6,8,18,18,18,18,18,32,5,5,5.2645221874989545,2.0934419999321108,17.766889999961677,352.6875
1610806826,1,,Aggregated,0.200000,0.100000,5,5,5,5,6,8,18,18,18,18,18,32,5,5,5.2645221874989545,2.0934419999321108,17.766889999961677,352.6875
1610806827,1,,Aggregated,0.200000,0.000000,5,5,5,5,6,8,18,18,18,18,18,33,5,5,5.245195969695432,2.0934419999321108,17.766889999961677,354.6666666666667
1610806828,1,,Aggregated,0.200000,0.000000,5,5,5,5,6,8,18,18,18,18,18,33,5,5,5.245195969695432,2.0934419999321108,17.766889999961677,354.6666666666667
1610806829,1,,Aggregated,0.200000,0.000000,5,5,5,5,6,8,18,18,18,18,18,33,5,5,5.245195969695432,2.0934419999321108,17.766889999961677,354.6666666666667
1610806830,1,,Aggregated,0.200000,0.000000,5,5,5,5,6,8,18,18,18,18,18,33,5,5,5.245195969695432,2.0934419999321108,17.766889999961677,354.6666666666667
1610806831,1,,Aggregated,0.200000,0.000000,5,5,5,5,6,8,18,18,18,18,18,33,5,5,5.245195969695432,2.0934419999321108,17.766889999961677,354.6666666666667
1610806832,1,,Aggregated,0.200000,0.000000,5,5,5,5,6,8,18,18,18,18,18,34,5,5,5.252411764702709,2.0934419999321108,17.766889999961677,356.52941176470586
1610806833,1,,Aggregated,0.200000,0.000000,5,5,5,5,6,8,18,18,18,18,18,34,5,5,5.252411764702709,2.0934419999321108,17.766889999961677,356.52941176470586
1610806834,1,,Aggregated,0.200000,0.000000,5,5,5,5,6,8,18,18,18,18,18,34,5,5,5.252411764702709,2.0934419999321108,17.766889999961677,356.52941176470586
1610806835,1,,Aggregated,0.200000,0.000000,5,5,5,5,6,8,18,18,18,18,18,34,5,5,5.252411764702709,2.0934419999321108,17.766889999961677,356.52941176470586
1610806836,1,,Aggregated,0.200000,0.000000,5,5,5,5,6,8,18,18,18,18,18,34,5,5,5.252411764702709,2.0934419999321108,17.766889999961677,356.52941176470586
1610806837,1,,Aggregated,0.200000,0.000000,5,5,5,5,6,8,18,18,18,18,18,35,5,5,5.243183457137742,2.0934419999321108,17.766889999961677,358.2857142857143
1610806838,1,,Aggregated,0.200000,0.000000,5,5,5,5,6,8,18,18,18,18,18,35,5,5,5.243183457137742,2.0934419999321108,17.766889999961677,358.2857142857143
1610806839,1,,Aggregated,0.200000,0.000000,5,5,5,5,6,8,18,18,18,18,18,35,5,5,5.243183457137742,2.0934419999321108,17.766889999961677,358.2857142857143
1610806840,1,,Aggregated,0.200000,0.000000,5,5,5,5,6,8,18,18,18,18,18,35,5,5,5.243183457137742,2.0934419999321108,17.766889999961677,358.2857142857143
1610806841,1,,Aggregated,0.200000,0.000000,5,5,5,5,6,8,18,18,18,18,18,35,5,5,5.243183457137742,2.0934419999321108,17.766889999961677,358.2857142857143
1610806842,1,,Aggregated,0.200000,0.000000,5,5,5,5,6,8,18,18,18,18,18,36,5,5,5.232134527773269,2.0934419999321108,17.766889999961677,359.94444444444446
1610806843,1,,Aggregated,0.200000,0.000000,5,5,5,5,6,8,18,18,18,18,18,36,5,5,5.232134527773269,2.0934419999321108,17.766889999961677,359.94444444444446
1610806844,1,,Aggregated,0.200000,0.000000,5,5,5,5,6,8,18,18,18,18,18,36,5,5,5.232134527773269,2.0934419999321108,17.766889999961677,359.94444444444446
1610806845,1,,Aggregated,0.200000,0.000000,5,5,5,5,6,8,18,18,18,18,18,36,5,5,5.232134527773269,2.0934419999321108,17.766889999961677,359.94444444444446
1610806846,1,,Aggregated,0.200000,0.000000,5,5,5,5,6,8,18,18,18,18,18,36,5,5,5.232134527773269,2.0934419999321108,17.766889999961677,359.94444444444446
1610806847,1,,Aggregated,0.200000,0.000000,5,5,5,5,6,8,18,18,18,18,18,37,5,5,5.21389727026798,2.0934419999321108,17.766889999961677,361.5135135135135
1610806848,1,,Aggregated,0.200000,0.000000,5,5,5,5,6,8,18,18,18,18,18,37,5,5,5.21389727026798,2.0934419999321108,17.766889999961677,361.5135135135135
1610806849,1,,Aggregated,0.200000,0.000000,5,5,5,5,6,8,18,18,18,18,18,37,5,5,5.21389727026798,2.0934419999321108,17.766889999961677,361.5135135135135
1610806850,1,,Aggregated,0.200000,0.000000,5,5,5,5,6,8,18,18,18,18,18,37,5,5,5.21389727026798,2.0934419999321108,17.766889999961677,361.5135135135135
1610806851,1,,Aggregated,0.200000,0.000000,5,5,5,5,6,8,18,18,18,18,18,37,5,5,5.21389727026798,2.0934419999321108,17.766889999961677,361.5135135135135
1610806852,1,,Aggregated,0.200000,0.000000,5,5,5,5,6,8,18,18,18,18,18,38,5,5,5.207586447367799,2.0934419999321108,17.766889999961677,363.0
1610806853,1,,Aggregated,0.200000,0.000000,5,5,5,5,6,8,18,18,18,18,18,38,5,5,5.207586447367799,2.0934419999321108,17.766889999961677,363.0
1610806854,1,,Aggregated,0.200000,0.000000,5,5,5,5,6,8,18,18,18,18,18,38,5,5,5.207586447367799,2.0934419999321108,17.766889999961677,363.0
1610806855,1,,Aggregated,0.200000,0.000000,5,5,5,5,6,8,18,18,18,18,18,38,5,5,5.207586447367799,2.0934419999321108,17.766889999961677,363.0
1610806856,1,,Aggregated,0.200000,0.000000,5,5,5,5,6,8,18,18,18,18,18,38,5,5,5.207586447367799,2.0934419999321108,17.766889999961677,363.0
1610806857,1,,Aggregated,0.200000,0.000000,5,5,5,5,6,8,18,18,18,18,18,39,5,5,5.19857605128238,2.0934419999321108,17.766889999961677,364.4102564102564
1610806858,1,,Aggregated,0.200000,0.000000,5,5,5,5,6,8,18,18,18,18,18,39,5,5,5.19857605128238,2.0934419999321108,17.766889999961677,364.4102564102564
1610806859,1,,Aggregated,0.200000,0.000000,5,5,5,5,6,8,18,18,18,18,18,39,5,5,5.19857605128238,2.0934419999321108,17.766889999961677,364.4102564102564
1610806860,1,,Aggregated,0.200000,0.000000,5,5,5,5,6,8,18,18,18,18,18,39,5,5,5.19857605128238,2.0934419999321108,17.766889999961677,364.4102564102564
1610806861,1,,Aggregated,0.200000,0.000000,5,5,5,5,6,8,18,18,18,18,18,39,5,5,5.19857605128238,2.0934419999321108,17.766889999961677,364.4102564102564
1610806862,1,,Aggregated,0.200000,0.000000,5,5,5,5,6,8,18,18,18,18,18,40,5,5,5.192642424998439,2.0934419999321108,17.766889999961677,365.75
1610806863,1,,Aggregated,0.200000,0.000000,5,5,5,5,6,8,18,18,18,18,18,40,5,5,5.192642424998439,2.0934419999321108,17.766889999961677,365.75
1610806864,1,,Aggregated,0.200000,0.000000,5,5,5,5,6,8,18,18,18,18,18,40,5,5,5.192642424998439,2.0934419999321108,17.766889999961677,365.75
1610806865,1,,Aggregated,0.200000,0.000000,5,5,5,5,6,8,18,18,18,18,18,40,5,5,5.192642424998439,2.0934419999321108,17.766889999961677,365.75
1610806866,1,,Aggregated,0.200000,0.000000,5,5,5,5,6,8,18,18,18,18,18,40,5,5,5.192642424998439,2.0934419999321108,17.766889999961677,365.75
1610806867,1,,Aggregated,0.200000,0.000000,5,5,5,5,6,7,18,18,18,18,18,41,5,5,5.214224414633064,2.0934419999321108,17.766889999961677,367.0243902439024
1610806868,1,,Aggregated,0.200000,0.000000,5,5,5,5,6,7,18,18,18,18,18,41,5,5,5.214224414633064,2.0934419999321108,17.766889999961677,367.0243902439024
1610806869,1,,Aggregated,0.200000,0.000000,5,5,5,5,6,7,18,18,18,18,18,41,5,5,5.214224414633064,2.0934419999321108,17.766889999961677,367.0243902439024
1610806870,1,,Aggregated,0.200000,0.000000,5,5,5,5,6,7,18,18,18,18,18,41,5,5,5.214224414633064,2.0934419999321108,17.766889999961677,367.0243902439024
1610806871,1,,Aggregated,0.200000,0.000000,5,5,5,5,6,7,18,18,18,18,18,41,5,5,5.214224414633064,2.0934419999321108,17.766889999961677,367.0243902439024
1610806872,1,,Aggregated,0.200000,0.000000,5,5,5,5,6,7,18,18,18,18,18,42,5,5,5.231923761904173,2.0934419999321108,17.766889999961677,368.23809523809524
1610806873,1,,Aggregated,0.200000,0.000000,5,5,5,5,6,7,18,18,18,18,18,42,5,5,5.231923761904173,2.0934419999321108,17.766889999961677,368.23809523809524
1610806874,1,,Aggregated,0.200000,0.000000,5,5,5,5,6,7,18,18,18,18,18,42,5,5,5.231923761904173,2.0934419999321108,17.766889999961677,368.23809523809524
1610806875,1,,Aggregated,0.200000,0.000000,5,5,5,5,6,7,18,18,18,18,18,42,5,5,5.231923761904173,2.0934419999321108,17.766889999961677,368.23809523809524
1610806876,1,,Aggregated,0.200000,0.000000,5,5,5,5,6,7,18,18,18,18,18,42,5,5,5.231923761904173,2.0934419999321108,17.766889999961677,368.23809523809524
1610806877,1,,Aggregated,0.200000,0.000000,5,5,5,5,6,7,18,18,18,18,18,43,5,5,5.221898279067551,2.0934419999321108,17.766889999961677,369.3953488372093
1610806878,1,,Aggregated,0.200000,0.000000,5,5,5,5,6,7,18,18,18,18,18,43,5,5,5.221898279067551,2.0934419999321108,17.766889999961677,369.3953488372093
1610806880,1,,Aggregated,0.200000,0.000000,5,5,5,5,6,7,18,18,18,18,18,43,5,5,5.221898279067551,2.0934419999321108,17.766889999961677,369.3953488372093
1610806881,1,,Aggregated,0.200000,0.000000,5,5,5,5,6,7,18,18,18,18,18,43,5,5,5.221898279067551,2.0934419999321108,17.766889999961677,369.3953488372093
1610806882,1,,Aggregated,0.200000,0.000000,5,5,5,5,6,7,18,18,18,18,18,43,5,5,5.221898279067551,2.0934419999321108,17.766889999961677,369.3953488372093
1610806883,1,,Aggregated,0.200000,0.000000,5,5,5,5,6,7,18,18,18,18,18,44,5,5,5.213552613634482,2.0934419999321108,17.766889999961677,370.5
1610806884,1,,Aggregated,0.200000,0.000000,5,5,5,5,6,7,18,18,18,18,18,44,5,5,5.213552613634482,2.0934419999321108,17.766889999961677,370.5
1610806885,1,,Aggregated,0.200000,0.000000,5,5,5,5,6,7,18,18,18,18,18,44,5,5,5.213552613634482,2.0934419999321108,17.766889999961677,370.5
1610806886,1,,Aggregated,0.200000,0.000000,5,5,5,5,6,7,18,18,18,18,18,44,5,5,5.213552613634482,2.0934419999321108,17.766889999961677,370.5
1610806887,1,,Aggregated,0.200000,0.000000,5,5,5,5,6,7,18,18,18,18,18,44,5,5,5.213552613634482,2.0934419999321108,17.766889999961677,370.5
1610806888,1,,Aggregated,0.200000,0.000000,5,5,5,5,6,7,18,18,18,18,18,45,5,5,5.204546355553753,2.0934419999321108,17.766889999961677,371.55555555555554
1610806889,1,,Aggregated,0.200000,0.000000,5,5,5,5,6,7,18,18,18,18,18,45,5,5,5.204546355553753,2.0934419999321108,17.766889999961677,371.55555555555554
1610806890,1,,Aggregated,0.200000,0.000000,5,5,5,5,6,7,18,18,18,18,18,45,5,5,5.204546355553753,2.0934419999321108,17.766889999961677,371.55555555555554
1610806891,1,,Aggregated,0.200000,0.000000,5,5,5,5,6,7,18,18,18,18,18,45,5,5,5.204546355553753,2.0934419999321108,17.766889999961677,371.55555555555554
1610806892,1,,Aggregated,0.200000,0.000000,5,5,5,5,6,7,18,18,18,18,18,45,5,5,5.204546355553753,2.0934419999321108,17.766889999961677,371.55555555555554
1610806893,1,,Aggregated,0.200000,0.000000,5,5,5,5,6,7,18,18,18,18,18,46,5,5,5.196035999997251,2.0934419999321108,17.766889999961677,372.5652173913044
1610806894,1,,Aggregated,0.200000,0.000000,5,5,5,5,6,7,18,18,18,18,18,46,5,5,5.196035999997251,2.0934419999321108,17.766889999961677,372.5652173913044
1610806895,1,,Aggregated,0.200000,0.000000,5,5,5,5,6,7,18,18,18,18,18,46,5,5,5.196035999997251,2.0934419999321108,17.766889999961677,372.5652173913044
1610806896,1,,Aggregated,0.200000,0.000000,5,5,5,5,6,7,18,18,18,18,18,46,5,5,5.196035999997251,2.0934419999321108,17.766889999961677,372.5652173913044
1610806897,1,,Aggregated,0.200000,0.000000,5,5,5,5,6,7,18,18,18,18,18,46,5,5,5.196035999997251,2.0934419999321108,17.766889999961677,372.5652173913044
1610806898,1,,Aggregated,0.200000,0.000000,5,5,5,5,6,7,18,18,18,18,18,47,5,5,5.202119829783306,2.0934419999321108,17.766889999961677,373.531914893617
1610806899,1,,Aggregated,0.200000,0.000000,5,5,5,5,6,7,18,18,18,18,18,47,5,5,5.202119829783306,2.0934419999321108,17.766889999961677,373.531914893617
1610806900,1,,Aggregated,0.200000,0.000000,5,5,5,5,6,7,18,18,18,18,18,47,5,5,5.202119829783306,2.0934419999321108,17.766889999961677,373.531914893617
1610806901,1,,Aggregated,0.200000,0.000000,5,5,5,5,6,7,18,18,18,18,18,47,5,5,5.202119829783306,2.0934419999321108,17.766889999961677,373.531914893617
1610806902,1,,Aggregated,0.200000,0.000000,5,5,5,5,6,7,18,18,18,18,18,47,5,5,5.202119829783306,2.0934419999321108,17.766889999961677,373.531914893617
1610806903,1,,Aggregated,0.200000,0.000000,5,5,5,5,6,7,18,18,18,18,18,48,5,5,5.189252083328692,2.0934419999321108,17.766889999961677,374.4583333333333
1610806904,1,,Aggregated,0.200000,0.000000,5,5,5,5,6,7,18,18,18,18,18,48,5,5,5.189252083328692,2.0934419999321108,17.766889999961677,374.4583333333333
1610806905,1,,Aggregated,0.200000,0.000000,5,5,5,5,6,7,18,18,18,18,18,48,5,5,5.189252083328692,2.0934419999321108,17.766889999961677,374.4583333333333
1610806906,1,,Aggregated,0.200000,0.000000,5,5,5,5,6,7,18,18,18,18,18,48,5,5,5.189252083328692,2.0934419999321108,17.766889999961677,374.4583333333333
1610806907,1,,Aggregated,0.200000,0.000000,5,5,5,5,6,7,18,18,18,18,18,48,5,5,5.189252083328692,2.0934419999321108,17.766889999961677,374.4583333333333
1610806908,1,,Aggregated,0.200000,0.000000,5,5,5,5,6,7,18,18,18,18,18,49,6,5,5.129505122442647,2.0934419999321108,17.766889999961677,366.81632653061223
1610806909,1,,Aggregated,0.200000,0.000000,5,5,5,5,6,7,18,18,18,18,18,49,6,5,5.129505122442647,2.0934419999321108,17.766889999961677,366.81632653061223
1610806910,1,,Aggregated,0.200000,0.000000,5,5,5,5,6,7,18,18,18,18,18,49,6,5,5.129505122442647,2.0934419999321108,17.766889999961677,366.81632653061223
1610806911,1,,Aggregated,0.200000,0.000000,5,5,5,5,6,7,18,18,18,18,18,49,6,5,5.129505122442647,2.0934419999321108,17.766889999961677,366.81632653061223
1610806912,1,,Aggregated,0.200000,0.000000,5,5,5,5,6,7,18,18,18,18,18,49,6,5,5.129505122442647,2.0934419999321108,17.766889999961677,366.81632653061223
1610806913,1,,Aggregated,0.200000,0.100000,5,5,5,5,6,7,18,18,18,18,18,50,6,5,5.135885479994613,2.0934419999321108,17.766889999961677,367.84
1610806914,1,,Aggregated,0.200000,0.100000,5,5,5,5,6,7,18,18,18,18,18,50,6,5,5.135885479994613,2.0934419999321108,17.766889999961677,367.84
1610806915,1,,Aggregated,0.200000,0.100000,5,5,5,5,6,7,18,18,18,18,18,50,6,5,5.135885479994613,2.0934419999321108,17.766889999961677,367.84
1610806916,1,,Aggregated,0.200000,0.100000,5,5,5,5,6,7,18,18,18,18,18,50,6,5,5.135885479994613,2.0934419999321108,17.766889999961677,367.84
1610806917,1,,Aggregated,0.200000,0.100000,5,5,5,5,6,7,18,18,18,18,18,50,6,5,5.135885479994613,2.0934419999321108,17.766889999961677,367.84
1610806918,1,,Aggregated,0.200000,0.100000,5,5,5,5,6,7,8,18,18,18,18,51,6,5,5.136391058818381,2.0934419999321108,17.766889999961677,368.8235294117647
1610806919,1,,Aggregated,0.200000,0.100000,5,5,5,5,6,7,8,18,18,18,18,51,6,5,5.136391058818381,2.0934419999321108,17.766889999961677,368.8235294117647
1610806920,1,,Aggregated,0.200000,0.100000,5,5,5,5,6,7,8,18,18,18,18,51,6,5,5.136391058818381,2.0934419999321108,17.766889999961677,368.8235294117647
1610806921,1,,Aggregated,0.200000,0.100000,5,5,5,5,6,7,8,18,18,18,18,51,6,5,5.136391058818381,2.0934419999321108,17.766889999961677,368.8235294117647
1610806922,1,,Aggregated,0.200000,0.100000,5,5,5,5,6,7,8,18,18,18,18,51,6,5,5.136391058818381,2.0934419999321108,17.766889999961677,368.8235294117647
1610806923,1,,Aggregated,0.200000,0.000000,5,5,5,5,6,7,8,18,18,18,18,52,6,5,5.127281153840193,2.0934419999321108,17.766889999961677,369.7692307692308
1610806924,1,,Aggregated,0.200000,0.000000,5,5,5,5,6,7,8,18,18,18,18,52,6,5,5.127281153840193,2.0934419999321108,17.766889999961677,369.7692307692308
1610806925,1,,Aggregated,0.200000,0.000000,5,5,5,5,6,7,8,18,18,18,18,52,6,5,5.127281153840193,2.0934419999321108,17.766889999961677,369.7692307692308
1610806926,1,,Aggregated,0.200000,0.000000,5,5,5,5,6,7,8,18,18,18,18,52,6,5,5.127281153840193,2.0934419999321108,17.766889999961677,369.7692307692308
1610806927,1,,Aggregated,0.200000,0.000000,5,5,5,5,6,7,8,18,18,18,18,52,6,5,5.127281153840193,2.0934419999321108,17.766889999961677,369.7692307692308
1610806928,1,,Aggregated,0.200000,0.000000,5,5,5,5,6,7,8,18,18,18,18,53,6,5,5.121498396220577,2.0934419999321108,17.766889999961677,370.6792452830189
1610806929,1,,Aggregated,0.200000,0.000000,5,5,5,5,6,7,8,18,18,18,18,53,6,5,5.121498396220577,2.0934419999321108,17.766889999961677,370.6792452830189
1610806930,1,,Aggregated,0.200000,0.000000,5,5,5,5,6,7,8,18,18,18,18,53,6,5,5.121498396220577,2.0934419999321108,17.766889999961677,370.6792452830189
1610806931,1,,Aggregated,0.200000,0.000000,5,5,5,5,6,7,8,18,18,18,18,53,6,5,5.121498396220577,2.0934419999321108,17.766889999961677,370.6792452830189
1610806932,1,,Aggregated,0.200000,0.000000,5,5,5,5,6,7,8,18,18,18,18,53,6,5,5.121498396220577,2.0934419999321108,17.766889999961677,370.6792452830189
1610806933,1,,Aggregated,0.200000,0.000000,5,5,5,5,6,7,8,18,18,18,18,54,6,5,5.115503055549198,2.0934419999321108,17.766889999961677,371.55555555555554
1610806934,1,,Aggregated,0.200000,0.000000,5,5,5,5,6,7,8,18,18,18,18,54,6,5,5.115503055549198,2.0934419999321108,17.766889999961677,371.55555555555554
1610806935,1,,Aggregated,0.200000,0.000000,5,5,5,5,6,7,8,18,18,18,18,54,6,5,5.115503055549198,2.0934419999321108,17.766889999961677,371.55555555555554
1610806936,1,,Aggregated,0.200000,0.000000,5,5,5,5,6,7,8,18,18,18,18,54,6,5,5.115503055549198,2.0934419999321108,17.766889999961677,371.55555555555554
1610806937,1,,Aggregated,0.200000,0.000000,5,5,5,5,6,7,8,18,18,18,18,54,6,5,5.115503055549198,2.0934419999321108,17.766889999961677,371.55555555555554
1610806938,1,,Aggregated,0.200000,0.000000,5,5,5,5,6,7,8,18,18,18,18,55,6,5,5.109560527266281,2.0934419999321108,17.766889999961677,372.4
1610806939,1,,Aggregated,0.200000,0.000000,5,5,5,5,6,7,8,18,18,18,18,55,6,5,5.109560527266281,2.0934419999321108,17.766889999961677,372.4
1610806940,1,,Aggregated,0.200000,0.000000,5,5,5,5,6,7,8,18,18,18,18,55,6,5,5.109560527266281,2.0934419999321108,17.766889999961677,372.4
1610806941,1,,Aggregated,0.200000,0.000000,5,5,5,5,6,7,8,18,18,18,18,55,6,5,5.109560527266281,2.0934419999321108,17.766889999961677,372.4
1610806942,1,,Aggregated,0.200000,0.000000,5,5,5,5,6,7,8,18,18,18,18,55,6,5,5.109560527266281,2.0934419999321108,17.766889999961677,372.4
1610806943,1,,Aggregated,0.200000,0.000000,5,5,5,5,6,7,8,18,18,18,18,56,6,5,5.103625196422205,2.0934419999321108,17.766889999961677,373.2142857142857
1610806944,1,,Aggregated,0.200000,0.000000,5,5,5,5,6,7,8,18,18,18,18,56,6,5,5.103625196422205,2.0934419999321108,17.766889999961677,373.2142857142857
1610806945,1,,Aggregated,0.200000,0.000000,5,5,5,5,6,7,8,18,18,18,18,56,6,5,5.103625196422205,2.0934419999321108,17.766889999961677,373.2142857142857
1610806946,1,,Aggregated,0.200000,0.000000,5,5,5,5,6,7,8,18,18,18,18,56,6,5,5.103625196422205,2.0934419999321108,17.766889999961677,373.2142857142857
1610806947,1,,Aggregated,0.200000,0.000000,5,5,5,5,6,7,8,18,18,18,18,56,6,5,5.103625196422205,2.0934419999321108,17.766889999961677,373.2142857142857
1610806948,1,,Aggregated,0.200000,0.000000,5,5,5,5,6,7,8,18,18,18,18,57,6,5,5.098832368415523,2.0934419999321108,17.766889999961677,374.0
1610806949,1,,Aggregated,0.200000,0.000000,5,5,5,5,6,7,8,18,18,18,18,57,6,5,5.098832368415523,2.0934419999321108,17.766889999961677,374.0
1610806950,1,,Aggregated,0.200000,0.000000,5,5,5,5,6,7,8,18,18,18,18,57,6,5,5.098832368415523,2.0934419999321108,17.766889999961677,374.0
1610806951,1,,Aggregated,0.200000,0.000000,5,5,5,5,6,7,8,18,18,18,18,57,6,5,5.098832368415523,2.0934419999321108,17.766889999961677,374.0
1610806952,1,,Aggregated,0.200000,0.000000,5,5,5,5,6,7,8,18,18,18,18,57,6,5,5.098832368415523,2.0934419999321108,17.766889999961677,374.0
1610806953,1,,Aggregated,0.200000,0.000000,5,5,5,5,6,7,8,18,18,18,18,58,6,5,5.092824948270657,2.0934419999321108,17.766889999961677,374.7586206896552
1610806954,1,,Aggregated,0.200000,0.000000,5,5,5,5,6,7,8,18,18,18,18,58,6,5,5.092824948270657,2.0934419999321108,17.766889999961677,374.7586206896552
1610806955,1,,Aggregated,0.200000,0.000000,5,5,5,5,6,7,8,18,18,18,18,58,6,5,5.092824948270657,2.0934419999321108,17.766889999961677,374.7586206896552
1610806956,1,,Aggregated,0.200000,0.000000,5,5,5,5,6,7,8,18,18,18,18,58,6,5,5.092824948270657,2.0934419999321108,17.766889999961677,374.7586206896552
1610806957,1,,Aggregated,0.200000,0.000000,5,5,5,5,6,7,8,18,18,18,18,58,6,5,5.092824948270657,2.0934419999321108,17.766889999961677,374.7586206896552
1610806958,1,,Aggregated,0.200000,0.000000,5,5,5,5,6,7,8,18,18,18,18,59,6,5,5.087841694909788,2.0934419999321108,17.766889999961677,375.49152542372883
1610806959,1,,Aggregated,0.200000,0.000000,5,5,5,5,6,7,8,18,18,18,18,59,6,5,5.087841694909788,2.0934419999321108,17.766889999961677,375.49152542372883
1610806960,1,,Aggregated,0.200000,0.000000,5,5,5,5,6,7,8,18,18,18,18,59,6,5,5.087841694909788,2.0934419999321108,17.766889999961677,375.49152542372883
1610806961,1,,Aggregated,0.200000,0.000000,5,5,5,5,6,7,8,18,18,18,18,59,6,5,5.087841694909788,2.0934419999321108,17.766889999961677,375.49152542372883
1610806962,1,,Aggregated,0.200000,0.000000,5,5,5,5,6,7,8,18,18,18,18,59,6,5,5.087841694909788,2.0934419999321108,17.766889999961677,375.49152542372883
1610806963,1,,Aggregated,0.200000,0.000000,5,5,5,5,6,7,8,18,18,18,18,60,7,5,5.040584883327408,2.0934419999321108,17.766889999961677,369.23333333333335
1610806964,1,,Aggregated,0.200000,0.000000,5,5,5,5,6,7,8,18,18,18,18,60,7,5,5.040584883327408,2.0934419999321108,17.766889999961677,369.23333333333335
1610806965,1,,Aggregated,0.200000,0.000000,5,5,5,5,6,7,8,18,18,18,18,60,7,5,5.040584883327408,2.0934419999321108,17.766889999961677,369.23333333333335
1610806966,1,,Aggregated,0.200000,0.000000,5,5,5,5,6,7,8,18,18,18,18,60,7,5,5.040584883327408,2.0934419999321108,17.766889999961677,369.23333333333335
1610806967,1,,Aggregated,0.200000,0.000000,5,5,5,5,6,7,8,18,18,18,18,60,7,5,5.040584883327408,2.0934419999321108,17.766889999961677,369.23333333333335
1610806968,1,,Aggregated,0.200000,0.100000,5,5,5,5,6,6,8,18,18,18,18,61,7,5,5.052134377042869,2.0934419999321108,17.766889999961677,370.0327868852459
1610806969,1,,Aggregated,0.200000,0.100000,5,5,5,5,6,6,8,18,18,18,18,61,7,5,5.052134377042869,2.0934419999321108,17.766889999961677,370.0327868852459
1610806970,1,,Aggregated,0.200000,0.100000,5,5,5,5,6,6,8,18,18,18,18,61,7,5,5.052134377042869,2.0934419999321108,17.766889999961677,370.0327868852459
1610806971,1,,Aggregated,0.200000,0.100000,5,5,5,5,6,6,8,18,18,18,18,61,7,5,5.052134377042869,2.0934419999321108,17.766889999961677,370.0327868852459
1610806972,1,,Aggregated,0.200000,0.100000,5,5,5,5,6,6,8,18,18,18,18,61,7,5,5.052134377042869,2.0934419999321108,17.766889999961677,370.0327868852459
1610806973,1,,Aggregated,0.200000,0.100000,5,5,5,5,6,6,8,18,18,18,18,62,7,5,5.0556988548318,2.0934419999321108,17.766889999961677,370.80645161290323
1610806974,1,,Aggregated,0.200000,0.100000,5,5,5,5,6,6,8,18,18,18,18,62,7,5,5.0556988548318,2.0934419999321108,17.766889999961677,370.80645161290323
1610806975,1,,Aggregated,0.200000,0.100000,5,5,5,5,6,6,8,18,18,18,18,62,7,5,5.0556988548318,2.0934419999321108,17.766889999961677,370.80645161290323
1610806976,1,,Aggregated,0.200000,0.100000,5,5,5,5,6,6,8,18,18,18,18,62,7,5,5.0556988548318,2.0934419999321108,17.766889999961677,370.80645161290323
1610806977,1,,Aggregated,0.200000,0.100000,5,5,5,5,6,6,8,18,18,18,18,62,7,5,5.0556988548318,2.0934419999321108,17.766889999961677,370.80645161290323
1610806978,1,,Aggregated,0.200000,0.000000,5,5,5,5,6,6,8,18,18,18,18,63,7,5,5.0536858253898185,2.0934419999321108,17.766889999961677,371.55555555555554
1610806979,1,,Aggregated,0.200000,0.000000,5,5,5,5,6,6,8,18,18,18,18,63,7,5,5.0536858253898185,2.0934419999321108,17.766889999961677,371.55555555555554
1610806980,1,,Aggregated,0.200000,0.000000,5,5,5,5,6,6,8,18,18,18,18,63,7,5,5.0536858253898185,2.0934419999321108,17.766889999961677,371.55555555555554
1610806981,1,,Aggregated,0.200000,0.000000,5,5,5,5,6,6,8,18,18,18,18,63,7,5,5.0536858253898185,2.0934419999321108,17.766889999961677,371.55555555555554
1610806982,1,,Aggregated,0.200000,0.000000,5,5,5,5,6,6,8,18,18,18,18,63,7,5,5.0536858253898185,2.0934419999321108,17.766889999961677,371.55555555555554
1610806983,1,,Aggregated,0.200000,0.000000,5,5,5,5,6,6,8,18,18,18,18,64,7,5,5.060887671868741,2.0934419999321108,17.766889999961677,372.28125
1610806984,1,,Aggregated,0.200000,0.000000,5,5,5,5,6,6,8,18,18,18,18,64,7,5,5.060887671868741,2.0934419999321108,17.766889999961677,372.28125
1610806985,1,,Aggregated,0.200000,0.000000,5,5,5,5,6,6,8,18,18,18,18,64,7,5,5.060887671868741,2.0934419999321108,17.766889999961677,372.28125
1610806986,1,,Aggregated,0.200000,0.000000,5,5,5,5,6,6,8,18,18,18,18,64,7,5,5.060887671868741,2.0934419999321108,17.766889999961677,372.28125
1610806987,1,,Aggregated,0.200000,0.000000,5,5,5,5,6,6,8,18,18,18,18,64,7,5,5.060887671868741,2.0934419999321108,17.766889999961677,372.28125
1610806988,1,,Aggregated,0.200000,0.000000,5,5,5,5,6,6,8,18,18,18,18,65,7,5,5.05795675383944,2.0934419999321108,17.766889999961677,372.9846153846154
1610806989,1,,Aggregated,0.200000,0.000000,5,5,5,5,6,6,8,18,18,18,18,65,7,5,5.05795675383944,2.0934419999321108,17.766889999961677,372.9846153846154
1610806990,1,,Aggregated,0.200000,0.000000,5,5,5,5,6,6,8,18,18,18,18,65,7,5,5.05795675383944,2.0934419999321108,17.766889999961677,372.9846153846154
1610806991,1,,Aggregated,0.200000,0.000000,5,5,5,5,6,6,8,18,18,18,18,65,7,5,5.05795675383944,2.0934419999321108,17.766889999961677,372.9846153846154
1610806992,1,,Aggregated,0.200000,0.000000,5,5,5,5,6,6,8,18,18,18,18,65,7,5,5.05795675383944,2.0934419999321108,17.766889999961677,372.9846153846154
1610806993,1,,Aggregated,0.200000,0.000000,5,5,5,5,6,6,8,18,18,18,18,66,7,5,5.070959757569488,2.0934419999321108,17.766889999961677,373.6666666666667
1610806994,1,,Aggregated,0.200000,0.000000,5,5,5,5,6,6,8,18,18,18,18,66,7,5,5.070959757569488,2.0934419999321108,17.766889999961677,373.6666666666667
1610806995,1,,Aggregated,0.200000,0.000000,5,5,5,5,6,6,8,18,18,18,18,66,7,5,5.070959757569488,2.0934419999321108,17.766889999961677,373.6666666666667
1610806996,1,,Aggregated,0.200000,0.000000,5,5,5,5,6,6,8,18,18,18,18,66,7,5,5.070959757569488,2.0934419999321108,17.766889999961677,373.6666666666667
1610806997,1,,Aggregated,0.200000,0.000000,5,5,5,5,6,6,8,18,18,18,18,66,7,5,5.070959757569488,2.0934419999321108,17.766889999961677,373.6666666666667
1610806998,1,,Aggregated,0.200000,0.000000,5,5,5,5,6,6,8,18,18,18,18,67,8,5,5.031940417903747,2.0934419999321108,17.766889999961677,368.089552238806
1610806999,1,,Aggregated,0.200000,0.000000,5,5,5,5,6,6,8,18,18,18,18,67,8,5,5.031940417903747,2.0934419999321108,17.766889999961677,368.089552238806
1610807000,1,,Aggregated,0.200000,0.000000,5,5,5,5,6,6,8,18,18,18,18,67,8,5,5.031940417903747,2.0934419999321108,17.766889999961677,368.089552238806
1610807001,1,,Aggregated,0.200000,0.000000,5,5,5,5,6,6,8,18,18,18,18,67,8,5,5.031940417903747,2.0934419999321108,17.766889999961677,368.089552238806
1610807002,1,,Aggregated,0.200000,0.000000,5,5,5,5,6,6,8,18,18,18,18,67,8,5,5.031940417903747,2.0934419999321108,17.766889999961677,368.089552238806
1610807003,1,,Aggregated,0.200000,0.100000,5,5,5,5,6,6,8,18,18,18,18,68,8,5,5.040326102932996,2.0934419999321108,17.766889999961677,368.8235294117647
1610807004,1,,Aggregated,0.200000,0.100000,5,5,5,5,6,6,8,18,18,18,18,68,8,5,5.040326102932996,2.0934419999321108,17.766889999961677,368.8235294117647
1610807005,1,,Aggregated,0.200000,0.100000,5,5,5,5,6,6,8,18,18,18,18,68,8,5,5.040326102932996,2.0934419999321108,17.766889999961677,368.8235294117647
1610807006,1,,Aggregated,0.200000,0.100000,5,5,5,5,6,6,8,18,18,18,18,68,8,5,5.040326102932996,2.0934419999321108,17.766889999961677,368.8235294117647
1610807007,1,,Aggregated,0.200000,0.100000,5,5,5,5,6,6,8,18,18,18,18,68,8,5,5.040326102932996,2.0934419999321108,17.766889999961677,368.8235294117647
1610807008,1,,Aggregated,0.200000,0.100000,5,5,5,5,6,6,8,18,18,18,18,69,8,5,5.032852130426178,2.0934419999321108,17.766889999961677,369.536231884058
1610807009,1,,Aggregated,0.200000,0.100000,5,5,5,5,6,6,8,18,18,18,18,69,8,5,5.032852130426178,2.0934419999321108,17.766889999961677,369.536231884058
1610807010,1,,Aggregated,0.200000,0.100000,5,5,5,5,6,6,8,18,18,18,18,69,8,5,5.032852130426178,2.0934419999321108,17.766889999961677,369.536231884058
1610807011,1,,Aggregated,0.200000,0.100000,5,5,5,5,6,6,8,18,18,18,18,69,8,5,5.032852130426178,2.0934419999321108,17.766889999961677,369.536231884058
1610807012,1,,Aggregated,0.200000,0.100000,5,5,5,5,6,6,8,18,18,18,18,69,8,5,5.032852130426178,2.0934419999321108,17.766889999961677,369.536231884058
1610807013,1,,Aggregated,0.200000,0.000000,5,5,5,5,6,6,8,18,18,18,18,70,9,5,4.996299199990517,2.0934419999321108,17.766889999961677,364.25714285714287
1610807014,1,,Aggregated,0.200000,0.000000,5,5,5,5,6,6,8,18,18,18,18,70,9,5,4.996299199990517,2.0934419999321108,17.766889999961677,364.25714285714287
1610807015,1,,Aggregated,0.200000,0.000000,5,5,5,5,6,6,8,18,18,18,18,70,9,5,4.996299199990517,2.0934419999321108,17.766889999961677,364.25714285714287
1610807016,1,,Aggregated,0.200000,0.000000,5,5,5,5,6,6,8,18,18,18,18,70,9,5,4.996299199990517,2.0934419999321108,17.766889999961677,364.25714285714287
1610807017,1,,Aggregated,0.200000,0.000000,5,5,5,5,6,6,8,18,18,18,18,70,9,5,4.996299199990517,2.0934419999321108,17.766889999961677,364.25714285714287
1610807018,1,,Aggregated,0.200000,0.100000,5,5,5,5,6,6,8,18,18,18,18,71,9,5,5.002855760553885,2.0934419999321108,17.766889999961677,365.01408450704224
1610807019,1,,Aggregated,0.200000,0.100000,5,5,5,5,6,6,8,18,18,18,18,71,9,5,5.002855760553885,2.0934419999321108,17.766889999961677,365.01408450704224
1610807020,1,,Aggregated,0.200000,0.100000,5,5,5,5,6,6,8,18,18,18,18,71,9,5,5.002855760553885,2.0934419999321108,17.766889999961677,365.01408450704224
1610807021,1,,Aggregated,0.200000,0.100000,5,5,5,5,6,6,8,18,18,18,18,71,9,5,5.002855760553885,2.0934419999321108,17.766889999961677,365.01408450704224
1610807022,1,,Aggregated,0.200000,0.100000,5,5,5,5,6,6,8,18,18,18,18,71,9,5,5.002855760553885,2.0934419999321108,17.766889999961677,365.01408450704224
1610807023,1,,Aggregated,0.200000,0.100000,5,5,5,5,6,6,8,18,18,18,18,72,10,5,4.964298374990979,2.0934419999321108,17.766889999961677,359.94444444444446
1610807024,1,,Aggregated,0.200000,0.100000,5,5,5,5,6,6,8,18,18,18,18,72,10,5,4.964298374990979,2.0934419999321108,17.766889999961677,359.94444444444446
1610807025,1,,Aggregated,0.200000,0.100000,5,5,5,5,6,6,8,18,18,18,18,72,10,5,4.964298374990979,2.0934419999321108,17.766889999961677,359.94444444444446
1610807026,1,,Aggregated,0.200000,0.100000,5,5,5,5,6,6,8,18,18,18,18,72,10,5,4.964298374990979,2.0934419999321108,17.766889999961677,359.94444444444446
1610807027,1,,Aggregated,0.200000,0.100000,5,5,5,5,6,6,8,18,18,18,18,72,10,5,4.964298374990979,2.0934419999321108,17.766889999961677,359.94444444444446
1610807028,1,,Aggregated,0.200000,0.100000,5,5,5,5,6,6,8,18,18,18,18,73,10,5,4.970716616429705,2.0934419999321108,17.766889999961677,360.73972602739724
1610807029,1,,Aggregated,0.200000,0.100000,5,5,5,5,6,6,8,18,18,18,18,73,10,5,4.970716616429705,2.0934419999321108,17.766889999961677,360.73972602739724
1610807030,1,,Aggregated,0.200000,0.100000,5,5,5,5,6,6,8,18,18,18,18,73,10,5,4.970716616429705,2.0934419999321108,17.766889999961677,360.73972602739724
1610807031,1,,Aggregated,0.200000,0.100000,5,5,5,5,6,6,8,18,18,18,18,73,10,5,4.970716616429705,2.0934419999321108,17.766889999961677,360.73972602739724
1610807032,1,,Aggregated,0.200000,0.100000,5,5,5,5,6,6,8,18,18,18,18,73,10,5,4.970716616429705,2.0934419999321108,17.766889999961677,360.73972602739724
1610807033,1,,Aggregated,0.200000,0.100000,5,5,5,5,6,6,8,18,18,18,18,74,11,5,4.933981824316057,2.0934419999321108,17.766889999961677,355.86486486486484
1610807034,1,,Aggregated,0.200000,0.100000,5,5,5,5,6,6,8,18,18,18,18,74,11,5,4.933981824316057,2.0934419999321108,17.766889999961677,355.86486486486484
1610807035,1,,Aggregated,0.200000,0.100000,5,5,5,5,6,6,8,18,18,18,18,74,11,5,4.933981824316057,2.0934419999321108,17.766889999961677,355.86486486486484
1610807036,1,,Aggregated,0.200000,0.100000,5,5,5,5,6,6,8,18,18,18,18,74,11,5,4.933981824316057,2.0934419999321108,17.766889999961677,355.86486486486484
1610807037,1,,Aggregated,0.200000,0.100000,5,5,5,5,6,6,8,18,18,18,18,74,11,5,4.933981824316057,2.0934419999321108,17.766889999961677,355.86486486486484
1610807038,1,,Aggregated,0.200000,0.100000,5,5,5,5,6,6,8,18,18,18,18,75,11,5,4.941147426658669,2.0934419999321108,17.766889999961677,356.6933333333333
1610807039,1,,Aggregated,0.200000,0.100000,5,5,5,5,6,6,8,18,18,18,18,75,11,5,4.941147426658669,2.0934419999321108,17.766889999961677,356.6933333333333
1610807040,1,,Aggregated,0.200000,0.100000,5,5,5,5,6,6,8,18,18,18,18,75,11,5,4.941147426658669,2.0934419999321108,17.766889999961677,356.6933333333333
1610807041,1,,Aggregated,0.200000,0.100000,5,5,5,5,6,6,8,18,18,18,18,75,11,5,4.941147426658669,2.0934419999321108,17.766889999961677,356.6933333333333
1610807042,1,,Aggregated,0.200000,0.100000,5,5,5,5,6,6,8,18,18,18,18,75,11,5,4.941147426658669,2.0934419999321108,17.766889999961677,356.6933333333333
1610807043,1,,Aggregated,0.200000,0.100000,5,5,5,5,6,6,8,18,18,18,18,76,11,5,4.945994289465417,2.0934419999321108,17.766889999961677,357.5
1610807044,1,,Aggregated,0.200000,0.100000,5,5,5,5,6,6,8,18,18,18,18,76,11,5,4.945994289465417,2.0934419999321108,17.766889999961677,357.5
1610807045,1,,Aggregated,0.200000,0.100000,5,5,5,5,6,6,8,18,18,18,18,76,11,5,4.945994289465417,2.0934419999321108,17.766889999961677,357.5
1610807046,1,,Aggregated,0.200000,0.100000,5,5,5,5,6,6,8,18,18,18,18,76,11,5,4.945994289465417,2.0934419999321108,17.766889999961677,357.5
1610807047,1,,Aggregated,0.200000,0.100000,5,5,5,5,6,6,8,18,18,18,18,76,11,5,4.945994289465417,2.0934419999321108,17.766889999961677,357.5
1610807048,1,,Aggregated,0.200000,0.000000,5,5,5,5,6,6,8,18,18,18,18,77,12,5,4.912204415575899,2.0934419999321108,17.766889999961677,352.85714285714283
1610807049,1,,Aggregated,0.200000,0.000000,5,5,5,5,6,6,8,18,18,18,18,77,12,5,4.912204415575899,2.0934419999321108,17.766889999961677,352.85714285714283
1610807050,1,,Aggregated,0.200000,0.000000,5,5,5,5,6,6,8,18,18,18,18,77,12,5,4.912204415575899,2.0934419999321108,17.766889999961677,352.85714285714283
1610807051,1,,Aggregated,0.200000,0.000000,5,5,5,5,6,6,8,18,18,18,18,77,12,5,4.912204415575899,2.0934419999321108,17.766889999961677,352.85714285714283
1610807052,1,,Aggregated,0.200000,0.000000,5,5,5,5,6,6,8,18,18,18,18,77,12,5,4.912204415575899,2.0934419999321108,17.766889999961677,352.85714285714283
1610807053,1,,Aggregated,0.200000,0.100000,5,5,5,5,6,6,8,18,18,18,18,78,12,5,4.924082282043284,2.0934419999321108,17.766889999961677,353.6923076923077
1610807054,1,,Aggregated,0.200000,0.100000,5,5,5,5,6,6,8,18,18,18,18,78,12,5,4.924082282043284,2.0934419999321108,17.766889999961677,353.6923076923077
1610807055,1,,Aggregated,0.200000,0.100000,5,5,5,5,6,6,8,18,18,18,18,78,12,5,4.924082282043284,2.0934419999321108,17.766889999961677,353.6923076923077
1610807056,1,,Aggregated,0.200000,0.100000,5,5,5,5,6,6,8,18,18,18,18,78,12,5,4.924082282043284,2.0934419999321108,17.766889999961677,353.6923076923077
1610807057,1,,Aggregated,0.200000,0.100000,5,5,5,5,6,6,8,18,18,18,18,78,12,5,4.924082282043284,2.0934419999321108,17.766889999961677,353.6923076923077
1610807058,1,,Aggregated,0.200000,0.100000,5,5,5,5,6,6,8,18,18,18,18,79,13,5,4.892710405054263,2.0934419999321108,17.766889999961677,349.2151898734177
1610807059,1,,Aggregated,0.200000,0.100000,5,5,5,5,6,6,8,18,18,18,18,79,13,5,4.892710405054263,2.0934419999321108,17.766889999961677,349.2151898734177
1610807060,1,,Aggregated,0.200000,0.100000,5,5,5,5,6,6,8,18,18,18,18,79,13,5,4.892710405054263,2.0934419999321108,17.766889999961677,349.2151898734177
1610807061,1,,Aggregated,0.200000,0.100000,5,5,5,5,6,6,8,18,18,18,18,79,13,5,4.892710405054263,2.0934419999321108,17.766889999961677,349.2151898734177
1610807062,1,,Aggregated,0.200000,0.100000,5,5,5,5,6,6,8,18,18,18,18,79,13,5,4.892710405054263,2.0934419999321108,17.766889999961677,349.2151898734177
1610807063,1,,Aggregated,0.200000,0.100000,5,5,5,5,6,6,8,18,18,18,18,80,13,5,4.898653137492204,2.0934419999321108,17.766889999961677,350.075
1610807064,1,,Aggregated,0.200000,0.100000,5,5,5,5,6,6,8,18,18,18,18,80,13,5,4.898653137492204,2.0934419999321108,17.766889999961677,350.075
1610807065,1,,Aggregated,0.200000,0.100000,5,5,5,5,6,6,8,18,18,18,18,80,13,5,4.898653137492204,2.0934419999321108,17.766889999961677,350.075
1610807066,1,,Aggregated,0.200000,0.100000,5,5,5,5,6,6,8,18,18,18,18,80,13,5,4.898653137492204,2.0934419999321108,17.766889999961677,350.075
1610807067,1,,Aggregated,0.200000,0.100000,5,5,5,5,6,6,8,18,18,18,18,80,13,5,4.898653137492204,2.0934419999321108,17.766889999961677,350.075
1610807068,1,,Aggregated,0.200000,0.100000,5,5,5,5,6,6,8,18,18,18,18,81,14,5,4.8656714444379965,2.0934419999321108,17.766889999961677,345.75308641975306
1610807069,1,,Aggregated,0.200000,0.100000,5,5,5,5,6,6,8,18,18,18,18,81,14,5,4.8656714444379965,2.0934419999321108,17.766889999961677,345.75308641975306
1610807070,1,,Aggregated,0.200000,0.100000,5,5,5,5,6,6,8,18,18,18,18,81,14,5,4.8656714444379965,2.0934419999321108,17.766889999961677,345.75308641975306
1610807071,1,,Aggregated,0.200000,0.100000,5,5,5,5,6,6,8,18,18,18,18,81,14,5,4.8656714444379965,2.0934419999321108,17.766889999961677,345.75308641975306
1610807072,1,,Aggregated,0.200000,0.100000,5,5,5,5,6,6,8,18,18,18,18,81,14,5,4.8656714444379965,2.0934419999321108,17.766889999961677,345.75308641975306
1610807073,1,,Aggregated,0.200000,0.100000,5,5,5,5,6,6,8,18,18,18,18,82,14,5,4.869559048774879,2.0934419999321108,17.766889999961677,346.6341463414634
1610807074,1,,Aggregated,0.200000,0.100000,5,5,5,5,6,6,8,18,18,18,18,82,14,5,4.869559048774879,2.0934419999321108,17.766889999961677,346.6341463414634
1610807075,1,,Aggregated,0.200000,0.100000,5,5,5,5,6,6,8,18,18,18,18,82,14,5,4.869559048774879,2.0934419999321108,17.766889999961677,346.6341463414634
1610807076,1,,Aggregated,0.200000,0.100000,5,5,5,5,6,6,8,18,18,18,18,82,14,5,4.869559048774879,2.0934419999321108,17.766889999961677,346.6341463414634
1610807077,1,,Aggregated,0.200000,0.100000,5,5,5,5,6,6,8,18,18,18,18,82,14,5,4.869559048774879,2.0934419999321108,17.766889999961677,346.6341463414634
1610807078,1,,Aggregated,0.200000,0.100000,5,5,5,5,6,6,8,18,18,18,18,83,15,5,4.837975493971104,2.0934419999321108,17.766889999961677,342.4578313253012
1610807079,1,,Aggregated,0.200000,0.100000,5,5,5,5,6,6,8,18,18,18,18,83,15,5,4.837975493971104,2.0934419999321108,17.766889999961677,342.4578313253012
1610807080,1,,Aggregated,0.200000,0.100000,5,5,5,5,6,6,8,18,18,18,18,83,15,5,4.837975493971104,2.0934419999321108,17.766889999961677,342.4578313253012
1610807081,1,,Aggregated,0.200000,0.100000,5,5,5,5,6,6,8,18,18,18,18,83,15,5,4.837975493971104,2.0934419999321108,17.766889999961677,342.4578313253012
1610807082,1,,Aggregated,0.200000,0.100000,5,5,5,5,6,6,8,18,18,18,18,83,15,5,4.837975493971104,2.0934419999321108,17.766889999961677,342.4578313253012
1610807083,1,,Aggregated,0.200000,0.100000,5,5,5,5,6,6,8,18,18,18,18,84,15,5,4.844608047612891,2.0934419999321108,17.766889999961677,343.35714285714283
1610807084,1,,Aggregated,0.200000,0.100000,5,5,5,5,6,6,8,18,18,18,18,84,15,5,4.844608047612891,2.0934419999321108,17.766889999961677,343.35714285714283
1610807085,1,,Aggregated,0.200000,0.100000,5,5,5,5,6,6,8,18,18,18,18,84,15,5,4.844608047612891,2.0934419999321108,17.766889999961677,343.35714285714283
1610807086,1,,Aggregated,0.200000,0.100000,5,5,5,5,6,6,8,18,18,18,18,84,15,5,4.844608047612891,2.0934419999321108,17.766889999961677,343.35714285714283
1610807087,1,,Aggregated,0.200000,0.100000,5,5,5,5,6,6,8,18,18,18,18,84,15,5,4.844608047612891,2.0934419999321108,17.766889999961677,343.35714285714283
1610807088,1,,Aggregated,0.200000,0.100000,5,5,5,5,6,6,8,18,18,18,18,85,16,5,4.816792176465617,2.0934419999321108,17.766889999961677,339.3176470588235
1610807089,1,,Aggregated,0.200000,0.100000,5,5,5,5,6,6,8,18,18,18,18,85,16,5,4.816792176465617,2.0934419999321108,17.766889999961677,339.3176470588235
1610807090,1,,Aggregated,0.200000,0.100000,5,5,5,5,6,6,8,18,18,18,18,85,16,5,4.816792176465617,2.0934419999321108,17.766889999961677,339.3176470588235
1610807091,1,,Aggregated,0.200000,0.100000,5,5,5,5,6,6,8,18,18,18,18,85,16,5,4.816792176465617,2.0934419999321108,17.766889999961677,339.3176470588235
1610807092,1,,Aggregated,0.200000,0.100000,5,5,5,5,6,6,8,18,18,18,18,85,16,5,4.816792176465617,2.0934419999321108,17.766889999961677,339.3176470588235
1610807093,1,,Aggregated,0.200000,0.100000,5,5,5,5,6,6,8,18,18,18,18,86,16,5,4.822978465110842,2.0934419999321108,17.766889999961677,340.2325581395349
1610807094,1,,Aggregated,0.200000,0.100000,5,5,5,5,6,6,8,18,18,18,18,86,16,5,4.822978465110842,2.0934419999321108,17.766889999961677,340.2325581395349
1610807095,1,,Aggregated,0.200000,0.100000,5,5,5,5,6,6,8,18,18,18,18,86,16,5,4.822978465110842,2.0934419999321108,17.766889999961677,340.2325581395349
1610807096,1,,Aggregated,0.200000,0.100000,5,5,5,5,6,6,8,18,18,18,18,86,16,5,4.822978465110842,2.0934419999321108,17.766889999961677,340.2325581395349
1610807097,1,,Aggregated,0.200000,0.100000,5,5,5,5,6,6,8,18,18,18,18,86,16,5,4.822978465110842,2.0934419999321108,17.766889999961677,340.2325581395349
1610807098,1,,Aggregated,0.200000,0.100000,5,5,5,5,6,6,8,18,18,18,18,87,16,5,4.838135333328467,2.0934419999321108,17.766889999961677,341.1264367816092
1610807099,1,,Aggregated,0.200000,0.100000,5,5,5,5,6,6,8,18,18,18,18,87,16,5,4.838135333328467,2.0934419999321108,17.766889999961677,341.1264367816092
1610807100,1,,Aggregated,0.200000,0.100000,5,5,5,5,6,6,8,18,18,18,18,87,16,5,4.838135333328467,2.0934419999321108,17.766889999961677,341.1264367816092
1610807101,1,,Aggregated,0.200000,0.100000,5,5,5,5,6,6,8,18,18,18,18,87,16,5,4.838135333328467,2.0934419999321108,17.766889999961677,341.1264367816092
1610807102,1,,Aggregated,0.200000,0.100000,5,5,5,5,6,6,8,18,18,18,18,87,16,5,4.838135333328467,2.0934419999321108,17.766889999961677,341.1264367816092
1610807103,1,,Aggregated,0.200000,0.000000,5,5,5,5,6,6,8,18,18,18,18,88,17,5,4.8089597727221705,2.0934419999321108,17.766889999961677,337.25
1610807104,1,,Aggregated,0.200000,0.000000,5,5,5,5,6,6,8,18,18,18,18,88,17,5,4.8089597727221705,2.0934419999321108,17.766889999961677,337.25
1610807105,1,,Aggregated,0.200000,0.000000,5,5,5,5,6,6,8,18,18,18,18,88,17,5,4.8089597727221705,2.0934419999321108,17.766889999961677,337.25
1610807106,1,,Aggregated,0.200000,0.000000,5,5,5,5,6,6,8,18,18,18,18,88,17,5,4.8089597727221705,2.0934419999321108,17.766889999961677,337.25
1610807107,1,,Aggregated,0.200000,0.000000,5,5,5,5,6,6,8,18,18,18,18,88,17,5,4.8089597727221705,2.0934419999321108,17.766889999961677,337.25
1610807108,1,,Aggregated,0.200000,0.100000,5,5,5,5,6,6,8,18,18,18,18,89,17,5,4.815573202241528,2.0934419999321108,17.766889999961677,338.1573033707865
1610807109,1,,Aggregated,0.200000,0.100000,5,5,5,5,6,6,8,18,18,18,18,89,17,5,4.815573202241528,2.0934419999321108,17.766889999961677,338.1573033707865
1610807110,1,,Aggregated,0.200000,0.100000,5,5,5,5,6,6,8,18,18,18,18,89,17,5,4.815573202241528,2.0934419999321108,17.766889999961677,338.1573033707865
1610807111,1,,Aggregated,0.200000,0.100000,5,5,5,5,6,6,8,18,18,18,18,89,17,5,4.815573202241528,2.0934419999321108,17.766889999961677,338.1573033707865
1610807112,1,,Aggregated,0.200000,0.100000,5,5,5,5,6,6,8,18,18,18,18,89,17,5,4.815573202241528,2.0934419999321108,17.766889999961677,338.1573033707865
1610807113,1,,Aggregated,0.200000,0.100000,5,5,5,5,6,6,8,18,18,18,18,90,18,5,4.787121999994623,2.0934419999321108,17.766889999961677,334.4
1610807114,1,,Aggregated,0.200000,0.100000,5,5,5,5,6,6,8,18,18,18,18,90,18,5,4.787121999994623,2.0934419999321108,17.766889999961677,334.4
1610807115,1,,Aggregated,0.200000,0.100000,5,5,5,5,6,6,8,18,18,18,18,90,18,5,4.787121999994623,2.0934419999321108,17.766889999961677,334.4
1610807116,1,,Aggregated,0.200000,0.100000,5,5,5,5,6,6,8,18,18,18,18,90,18,5,4.787121999994623,2.0934419999321108,17.766889999961677,334.4
1610807117,1,,Aggregated,0.200000,0.100000,5,5,5,5,6,6,8,18,18,18,18,90,18,5,4.787121999994623,2.0934419999321108,17.766889999961677,334.4
1610807118,1,,Aggregated,0.200000,0.100000,5,5,5,5,6,6,8,18,18,18,18,91,18,5,4.793089670322963,2.0934419999321108,17.766889999961677,335.31868131868134
1610807119,1,,Aggregated,0.200000,0.100000,5,5,5,5,6,6,8,18,18,18,18,91,18,5,4.793089670322963,2.0934419999321108,17.766889999961677,335.31868131868134
1610807120,1,,Aggregated,0.200000,0.100000,5,5,5,5,6,6,8,18,18,18,18,91,18,5,4.793089670322963,2.0934419999321108,17.766889999961677,335.31868131868134
1610807121,1,,Aggregated,0.200000,0.100000,5,5,5,5,6,6,8,18,18,18,18,91,18,5,4.793089670322963,2.0934419999321108,17.766889999961677,335.31868131868134
1610807122,1,,Aggregated,0.200000,0.100000,5,5,5,5,6,6,8,18,18,18,18,91,18,5,4.793089670322963,2.0934419999321108,17.766889999961677,335.31868131868134
1610807123,1,,Aggregated,0.200000,0.100000,5,5,5,5,6,6,8,18,18,18,18,92,18,5,4.792652195643244,2.0934419999321108,17.766889999961677,336.2173913043478
1610807124,1,,Aggregated,0.200000,0.100000,5,5,5,5,6,6,8,18,18,18,18,92,18,5,4.792652195643244,2.0934419999321108,17.766889999961677,336.2173913043478
1610807125,1,,Aggregated,0.200000,0.100000,5,5,5,5,6,6,8,18,18,18,18,92,18,5,4.792652195643244,2.0934419999321108,17.766889999961677,336.2173913043478
1610807126,1,,Aggregated,0.200000,0.100000,5,5,5,5,6,6,8,18,18,18,18,92,18,5,4.792652195643244,2.0934419999321108,17.766889999961677,336.2173913043478
1610807127,1,,Aggregated,0.200000,0.100000,5,5,5,5,6,6,8,18,18,18,18,92,18,5,4.792652195643244,2.0934419999321108,17.766889999961677,336.2173913043478
1610807128,1,,Aggregated,0.200000,0.000000,5,5,5,5,6,6,8,18,18,18,18,93,18,5,4.797351623646899,2.0934419999321108,17.766889999961677,337.0967741935484
1610807129,1,,Aggregated,0.200000,0.000000,5,5,5,5,6,6,8,18,18,18,18,93,18,5,4.797351623646899,2.0934419999321108,17.766889999961677,337.0967741935484
1610807130,1,,Aggregated,0.200000,0.000000,5,5,5,5,6,6,8,18,18,18,18,93,18,5,4.797351623646899,2.0934419999321108,17.766889999961677,337.0967741935484
1610807131,1,,Aggregated,0.200000,0.000000,5,5,5,5,6,6,8,18,18,18,18,93,18,5,4.797351623646899,2.0934419999321108,17.766889999961677,337.0967741935484
1610807132,1,,Aggregated,0.200000,0.000000,5,5,5,5,6,6,8,18,18,18,18,93,18,5,4.797351623646899,2.0934419999321108,17.766889999961677,337.0967741935484
1610807133,1,,Aggregated,0.200000,0.000000,5,5,5,5,6,6,8,18,18,18,18,94,18,5,4.793939776585917,2.0934419999321108,17.766889999961677,337.9574468085106
1610807134,1,,Aggregated,0.200000,0.000000,5,5,5,5,6,6,8,18,18,18,18,94,18,5,4.793939776585917,2.0934419999321108,17.766889999961677,337.9574468085106
1610807135,1,,Aggregated,0.200000,0.000000,5,5,5,5,6,6,8,18,18,18,18,94,18,5,4.793939776585917,2.0934419999321108,17.766889999961677,337.9574468085106
1610807136,1,,Aggregated,0.200000,0.000000,5,5,5,5,6,6,8,18,18,18,18,94,18,5,4.793939776585917,2.0934419999321108,17.766889999961677,337.9574468085106
1610807137,1,,Aggregated,0.200000,0.000000,5,5,5,5,6,6,8,18,18,18,18,94,18,5,4.793939776585917,2.0934419999321108,17.766889999961677,337.9574468085106
1610807138,1,,Aggregated,0.200000,0.000000,5,5,5,5,6,6,8,18,18,18,18,95,18,5,4.797508042095519,2.0934419999321108,17.766889999961677,338.8
1610807139,1,,Aggregated,0.200000,0.000000,5,5,5,5,6,6,8,18,18,18,18,95,18,5,4.797508042095519,2.0934419999321108,17.766889999961677,338.8
1610807140,1,,Aggregated,0.200000,0.000000,5,5,5,5,6,6,8,18,18,18,18,95,18,5,4.797508042095519,2.0934419999321108,17.766889999961677,338.8
1610807141,1,,Aggregated,0.200000,0.000000,5,5,5,5,6,6,8,18,18,18,18,95,18,5,4.797508042095519,2.0934419999321108,17.766889999961677,338.8
1610807142,1,,Aggregated,0.200000,0.000000,5,5,5,5,6,6,8,18,18,18,18,95,18,5,4.797508042095519,2.0934419999321108,17.766889999961677,338.8
1610807143,1,,Aggregated,0.200000,0.000000,5,5,5,5,6,6,8,18,18,18,18,96,18,5,4.795430749990004,2.0934419999321108,17.766889999961677,339.625
1610807144,1,,Aggregated,0.200000,0.000000,5,5,5,5,6,6,8,18,18,18,18,96,18,5,4.795430749990004,2.0934419999321108,17.766889999961677,339.625
1610807145,1,,Aggregated,0.200000,0.000000,5,5,5,5,6,6,8,18,18,18,18,96,18,5,4.795430749990004,2.0934419999321108,17.766889999961677,339.625
1610807146,1,,Aggregated,0.200000,0.000000,5,5,5,5,6,6,8,18,18,18,18,96,18,5,4.795430749990004,2.0934419999321108,17.766889999961677,339.625
1610807147,1,,Aggregated,0.200000,0.000000,5,5,5,5,6,6,8,18,18,18,18,96,18,5,4.795430749990004,2.0934419999321108,17.766889999961677,339.625
1610807148,1,,Aggregated,0.200000,0.000000,5,5,5,5,6,6,8,18,18,18,18,97,19,5,4.774023195866518,2.0934419999321108,17.766889999961677,336.12371134020617
1610807149,1,,Aggregated,0.200000,0.000000,5,5,5,5,6,6,8,18,18,18,18,97,19,5,4.774023195866518,2.0934419999321108,17.766889999961677,336.12371134020617
1610807150,1,,Aggregated,0.200000,0.000000,5,5,5,5,6,6,8,18,18,18,18,97,19,5,4.774023195866518,2.0934419999321108,17.766889999961677,336.12371134020617
1610807151,1,,Aggregated,0.200000,0.000000,5,5,5,5,6,6,8,18,18,18,18,97,19,5,4.774023195866518,2.0934419999321108,17.766889999961677,336.12371134020617
1610807152,1,,Aggregated,0.200000,0.000000,5,5,5,5,6,6,8,18,18,18,18,97,19,5,4.774023195866518,2.0934419999321108,17.766889999961677,336.12371134020617
1610807153,1,,Aggregated,0.200000,0.100000,5,5,5,5,6,6,8,18,18,18,18,98,19,5,4.779460663256691,2.0934419999321108,17.766889999961677,336.9591836734694
1610807154,1,,Aggregated,0.200000,0.100000,5,5,5,5,6,6,8,18,18,18,18,98,19,5,4.779460663256691,2.0934419999321108,17.766889999961677,336.9591836734694
1610807155,1,,Aggregated,0.200000,0.100000,5,5,5,5,6,6,8,18,18,18,18,98,19,5,4.779460663256691,2.0934419999321108,17.766889999961677,336.9591836734694
1610807156,1,,Aggregated,0.200000,0.100000,5,5,5,5,6,6,8,18,18,18,18,98,19,5,4.779460663256691,2.0934419999321108,17.766889999961677,336.9591836734694
1610807157,1,,Aggregated,0.200000,0.100000,5,5,5,5,6,6,8,18,18,18,18,98,19,5,4.779460663256691,2.0934419999321108,17.766889999961677,336.9591836734694
1610807158,1,,Aggregated,0.200000,0.100000,5,5,5,5,6,6,8,18,18,18,18,99,20,5,4.752242797972122,2.0848920000844373,17.766889999961677,333.55555555555554
1610807159,1,,Aggregated,0.200000,0.100000,5,5,5,5,6,6,8,18,18,18,18,99,20,5,4.752242797972122,2.0848920000844373,17.766889999961677,333.55555555555554
1610807160,1,,Aggregated,0.200000,0.100000,5,5,5,5,6,6,8,18,18,18,18,99,20,5,4.752242797972122,2.0848920000844373,17.766889999961677,333.55555555555554
1610807161,1,,Aggregated,0.200000,0.100000,5,5,5,5,6,6,8,18,18,18,18,99,20,5,4.752242797972122,2.0848920000844373,17.766889999961677,333.55555555555554
1610807162,1,,Aggregated,0.200000,0.100000,5,5,5,5,6,6,8,18,18,18,18,99,20,5,4.752242797972122,2.0848920000844373,17.766889999961677,333.55555555555554
1610807163,1,,Aggregated,0.200000,0.100000,5,5,5,5,6,6,8,18,18,18,18,100,20,5,4.7793364899905555,2.0848920000844373,17.766889999961677,334.4
1610807164,1,,Aggregated,0.200000,0.100000,5,5,5,5,6,6,8,18,18,18,18,100,20,5,4.7793364899905555,2.0848920000844373,17.766889999961677,334.4
1610807165,1,,Aggregated,0.200000,0.100000,5,5,5,5,6,6,8,18,18,18,18,100,20,5,4.7793364899905555,2.0848920000844373,17.766889999961677,334.4
1610807166,1,,Aggregated,0.200000,0.100000,5,5,5,5,6,6,8,18,18,18,18,100,20,5,4.7793364899905555,2.0848920000844373,17.766889999961677,334.4
1610807167,1,,Aggregated,0.200000,0.100000,5,5,5,5,6,6,8,18,18,18,18,100,20,5,4.7793364899905555,2.0848920000844373,17.766889999961677,334.4
1610807168,1,,Aggregated,0.200000,0.100000,5,5,5,5,6,6,7,8,18,18,18,101,21,5,4.752439990090469,2.0627900000818045,17.766889999961677,331.08910891089107
1610807169,1,,Aggregated,0.200000,0.100000,5,5,5,5,6,6,7,8,18,18,18,101,21,5,4.752439990090469,2.0627900000818045,17.766889999961677,331.08910891089107
1610807170,1,,Aggregated,0.200000,0.100000,5,5,5,5,6,6,7,8,18,18,18,101,21,5,4.752439990090469,2.0627900000818045,17.766889999961677,331.08910891089107
1610807171,1,,Aggregated,0.200000,0.100000,5,5,5,5,6,6,7,8,18,18,18,101,21,5,4.752439990090469,2.0627900000818045,17.766889999961677,331.08910891089107
1610807172,1,,Aggregated,0.200000,0.100000,5,5,5,5,6,6,7,8,18,18,18,101,21,5,4.752439990090469,2.0627900000818045,17.766889999961677,331.08910891089107
1610807173,1,,Aggregated,0.200000,0.100000,5,5,5,5,6,6,7,8,18,18,18,102,21,5,4.757028343128829,2.0627900000818045,17.766889999961677,331.94117647058823
1610807174,1,,Aggregated,0.200000,0.100000,5,5,5,5,6,6,7,8,18,18,18,102,21,5,4.757028343128829,2.0627900000818045,17.766889999961677,331.94117647058823
1610807175,1,,Aggregated,0.200000,0.100000,5,5,5,5,6,6,7,8,18,18,18,102,21,5,4.757028343128829,2.0627900000818045,17.766889999961677,331.94117647058823
1610807176,1,,Aggregated,0.200000,0.100000,5,5,5,5,6,6,7,8,18,18,18,102,21,5,4.757028343128829,2.0627900000818045,17.766889999961677,331.94117647058823
1610807177,1,,Aggregated,0.200000,0.100000,5,5,5,5,6,6,7,8,18,18,18,102,21,5,4.757028343128829,2.0627900000818045,17.766889999961677,331.94117647058823
1610807178,1,,Aggregated,0.200000,0.100000,5,5,5,5,6,6,7,8,18,18,18,103,22,5,4.731698184455745,2.0627900000818045,17.766889999961677,328.71844660194176
1610807179,1,,Aggregated,0.200000,0.100000,5,5,5,5,6,6,7,8,18,18,18,103,22,5,4.731698184455745,2.0627900000818045,17.766889999961677,328.71844660194176
1610807180,1,,Aggregated,0.200000,0.100000,5,5,5,5,6,6,7,8,18,18,18,103,22,5,4.731698184455745,2.0627900000818045,17.766889999961677,328.71844660194176
1610807181,1,,Aggregated,0.200000,0.100000,5,5,5,5,6,6,7,8,18,18,18,103,22,5,4.731698184455745,2.0627900000818045,17.766889999961677,328.71844660194176
1610807182,1,,Aggregated,0.200000,0.100000,5,5,5,5,6,6,7,8,18,18,18,103,22,5,4.731698184455745,2.0627900000818045,17.766889999961677,328.71844660194176
1610807183,1,,Aggregated,0.200000,0.100000,5,5,5,5,6,6,7,8,18,18,18,104,22,5,4.736979509605003,2.0627900000818045,17.766889999961677,329.5769230769231
1610807184,1,,Aggregated,0.200000,0.100000,5,5,5,5,6,6,7,8,18,18,18,104,22,5,4.736979509605003,2.0627900000818045,17.766889999961677,329.5769230769231
1610807185,1,,Aggregated,0.200000,0.100000,5,5,5,5,6,6,7,8,18,18,18,104,22,5,4.736979509605003,2.0627900000818045,17.766889999961677,329.5769230769231
1610807186,1,,Aggregated,0.200000,0.100000,5,5,5,5,6,6,7,8,18,18,18,104,22,5,4.736979509605003,2.0627900000818045,17.766889999961677,329.5769230769231
1610807187,1,,Aggregated,0.200000,0.100000,5,5,5,5,6,6,7,8,18,18,18,104,22,5,4.736979509605003,2.0627900000818045,17.766889999961677,329.5769230769231
1610807188,1,,Aggregated,0.200000,0.100000,5,5,5,5,6,6,7,8,18,18,18,105,23,5,4.712474209514723,2.0627900000818045,17.766889999961677,326.43809523809523
1610807189,1,,Aggregated,0.200000,0.100000,5,5,5,5,6,6,7,8,18,18,18,105,23,5,4.712474209514723,2.0627900000818045,17.766889999961677,326.43809523809523
1610807190,1,,Aggregated,0.200000,0.100000,5,5,5,5,6,6,7,8,18,18,18,105,23,5,4.712474209514723,2.0627900000818045,17.766889999961677,326.43809523809523
1610807191,1,,Aggregated,0.200000,0.100000,5,5,5,5,6,6,7,8,18,18,18,105,23,5,4.712474209514723,2.0627900000818045,17.766889999961677,326.43809523809523
1610807192,1,,Aggregated,0.200000,0.100000,5,5,5,5,6,6,7,8,18,18,18,105,23,5,4.712474209514723,2.0627900000818045,17.766889999961677,326.43809523809523
1610807193,1,,Aggregated,0.200000,0.100000,5,5,5,5,6,6,7,8,18,18,18,106,23,5,4.717261632068147,2.0627900000818045,17.766889999961677,327.3018867924528
1610807194,1,,Aggregated,0.200000,0.100000,5,5,5,5,6,6,7,8,18,18,18,106,23,5,4.717261632068147,2.0627900000818045,17.766889999961677,327.3018867924528
1610807195,1,,Aggregated,0.200000,0.100000,5,5,5,5,6,6,7,8,18,18,18,106,23,5,4.717261632068147,2.0627900000818045,17.766889999961677,327.3018867924528
1610807196,1,,Aggregated,0.200000,0.100000,5,5,5,5,6,6,7,8,18,18,18,106,23,5,4.717261632068147,2.0627900000818045,17.766889999961677,327.3018867924528
1610807197,1,,Aggregated,0.200000,0.100000,5,5,5,5,6,6,7,8,18,18,18,106,23,5,4.717261632068147,2.0627900000818045,17.766889999961677,327.3018867924528
1610807198,1,,Aggregated,0.200000,0.100000,5,5,5,5,6,6,7,8,18,18,18,107,24,5,4.693677962608549,2.0627900000818045,17.766889999961677,324.2429906542056
1610807199,1,,Aggregated,0.200000,0.100000,5,5,5,5,6,6,7,8,18,18,18,107,24,5,4.693677962608549,2.0627900000818045,17.766889999961677,324.2429906542056
1610807200,1,,Aggregated,0.200000,0.100000,5,5,5,5,6,6,7,8,18,18,18,107,24,5,4.693677962608549,2.0627900000818045,17.766889999961677,324.2429906542056
1610807201,1,,Aggregated,0.200000,0.100000,5,5,5,5,6,6,7,8,18,18,18,107,24,5,4.693677962608549,2.0627900000818045,17.766889999961677,324.2429906542056
1610807202,1,,Aggregated,0.200000,0.100000,5,5,5,5,6,6,7,8,18,18,18,107,24,5,4.693677962608549,2.0627900000818045,17.766889999961677,324.2429906542056
1610807203,1,,Aggregated,0.200000,0.100000,5,5,5,5,6,6,7,8,18,18,18,108,24,5,4.698598166659925,2.0627900000818045,17.766889999961677,325.1111111111111
1610807204,1,,Aggregated,0.200000,0.100000,5,5,5,5,6,6,7,8,18,18,18,108,24,5,4.698598166659925,2.0627900000818045,17.766889999961677,325.1111111111111
1610807205,1,,Aggregated,0.200000,0.100000,5,5,5,5,6,6,7,8,18,18,18,108,24,5,4.698598166659925,2.0627900000818045,17.766889999961677,325.1111111111111
1610807206,1,,Aggregated,0.200000,0.100000,5,5,5,5,6,6,7,8,18,18,18,108,24,5,4.698598166659925,2.0627900000818045,17.766889999961677,325.1111111111111
1610807207,1,,Aggregated,0.200000,0.100000,5,5,5,5,6,6,7,8,18,18,18,108,24,5,4.698598166659925,2.0627900000818045,17.766889999961677,325.1111111111111
1610807208,1,,Aggregated,0.200000,0.100000,5,5,5,5,6,6,7,8,18,18,18,109,25,5,4.67615360549673,2.0627900000818045,17.766889999961677,322.1284403669725
1610807209,1,,Aggregated,0.200000,0.100000,5,5,5,5,6,6,7,8,18,18,18,109,25,5,4.67615360549673,2.0627900000818045,17.766889999961677,322.1284403669725
1610807210,1,,Aggregated,0.200000,0.100000,5,5,5,5,6,6,7,8,18,18,18,109,25,5,4.67615360549673,2.0627900000818045,17.766889999961677,322.1284403669725
1610807211,1,,Aggregated,0.200000,0.100000,5,5,5,5,6,6,7,8,18,18,18,109,25,5,4.67615360549673,2.0627900000818045,17.766889999961677,322.1284403669725
1610807212,1,,Aggregated,0.200000,0.100000,5,5,5,5,6,6,7,8,18,18,18,109,25,5,4.67615360549673,2.0627900000818045,17.766889999961677,322.1284403669725
1610807213,1,,Aggregated,0.200000,0.100000,5,5,5,5,6,6,7,8,18,18,18,110,25,5,4.69149579090113,2.0627900000818045,17.766889999961677,323.0
1610807214,1,,Aggregated,0.200000,0.100000,5,5,5,5,6,6,7,8,18,18,18,110,25,5,4.69149579090113,2.0627900000818045,17.766889999961677,323.0
1610807215,1,,Aggregated,0.200000,0.100000,5,5,5,5,6,6,7,8,18,18,18,110,25,5,4.69149579090113,2.0627900000818045,17.766889999961677,323.0
1610807216,1,,Aggregated,0.200000,0.100000,5,5,5,5,6,6,7,8,18,18,18,110,25,5,4.69149579090113,2.0627900000818045,17.766889999961677,323.0
1610807217,1,,Aggregated,0.200000,0.100000,5,5,5,5,6,6,7,8,18,18,18,110,25,5,4.69149579090113,2.0627900000818045,17.766889999961677,323.0
1610807218,1,,Aggregated,0.200000,0.100000,5,5,5,5,6,6,7,8,18,18,18,111,25,5,4.707464972964543,2.0627900000818045,17.766889999961677,323.85585585585585
1610807219,1,,Aggregated,0.200000,0.100000,5,5,5,5,6,6,7,8,18,18,18,111,25,5,4.707464972964543,2.0627900000818045,17.766889999961677,323.85585585585585
1610807220,1,,Aggregated,0.200000,0.100000,5,5,5,5,6,6,7,8,18,18,18,111,25,5,4.707464972964543,2.0627900000818045,17.766889999961677,323.85585585585585
1610807221,1,,Aggregated,0.200000,0.100000,5,5,5,5,6,6,7,8,18,18,18,111,25,5,4.707464972964543,2.0627900000818045,17.766889999961677,323.85585585585585
1610807222,1,,Aggregated,0.200000,0.100000,5,5,5,5,6,6,7,8,18,18,18,111,25,5,4.707464972964543,2.0627900000818045,17.766889999961677,323.85585585585585
1610807223,1,,Aggregated,0.200000,0.000000,5,5,5,5,6,6,7,8,18,18,18,112,25,5,4.704206830348921,2.0627900000818045,17.766889999961677,324.69642857142856
1610807224,1,,Aggregated,0.200000,0.000000,5,5,5,5,6,6,7,8,18,18,18,112,25,5,4.704206830348921,2.0627900000818045,17.766889999961677,324.69642857142856
1610807225,1,,Aggregated,0.200000,0.000000,5,5,5,5,6,6,7,8,18,18,18,112,25,5,4.704206830348921,2.0627900000818045,17.766889999961677,324.69642857142856
1610807226,1,,Aggregated,0.200000,0.000000,5,5,5,5,6,6,7,8,18,18,18,112,25,5,4.704206830348921,2.0627900000818045,17.766889999961677,324.69642857142856
1610807227,1,,Aggregated,0.200000,0.000000,5,5,5,5,6,6,7,8,18,18,18,112,25,5,4.704206830348921,2.0627900000818045,17.766889999961677,324.69642857142856
1610807228,1,,Aggregated,0.200000,0.000000,5,5,5,5,6,6,7,8,18,18,18,113,25,5,4.700006486717762,2.0627900000818045,17.766889999961677,325.5221238938053
1610807229,1,,Aggregated,0.200000,0.000000,5,5,5,5,6,6,7,8,18,18,18,113,25,5,4.700006486717762,2.0627900000818045,17.766889999961677,325.5221238938053
1610807230,1,,Aggregated,0.200000,0.000000,5,5,5,5,6,6,7,8,18,18,18,113,25,5,4.700006486717762,2.0627900000818045,17.766889999961677,325.5221238938053
1610807231,1,,Aggregated,0.200000,0.000000,5,5,5,5,6,6,7,8,18,18,18,113,25,5,4.700006486717762,2.0627900000818045,17.766889999961677,325.5221238938053
1610807232,1,,Aggregated,0.200000,0.000000,5,5,5,5,6,6,7,8,18,18,18,113,25,5,4.700006486717762,2.0627900000818045,17.766889999961677,325.5221238938053
1610807233,1,,Aggregated,0.200000,0.000000,5,5,5,5,6,6,7,8,18,18,18,114,25,5,4.698214535079714,2.0627900000818045,17.766889999961677,326.3333333333333
1610807234,1,,Aggregated,0.200000,0.000000,5,5,5,5,6,6,7,8,18,18,18,114,25,5,4.698214535079714,2.0627900000818045,17.766889999961677,326.3333333333333
1610807235,1,,Aggregated,0.200000,0.000000,5,5,5,5,6,6,7,8,18,18,18,114,25,5,4.698214535079714,2.0627900000818045,17.766889999961677,326.3333333333333
1610807236,1,,Aggregated,0.200000,0.000000,5,5,5,5,6,6,7,8,18,18,18,114,25,5,4.698214535079714,2.0627900000818045,17.766889999961677,326.3333333333333
1610807237,1,,Aggregated,0.200000,0.000000,5,5,5,5,6,6,7,8,18,18,18,114,25,5,4.698214535079714,2.0627900000818045,17.766889999961677,326.3333333333333
1610807238,1,,Aggregated,0.200000,0.000000,5,5,5,5,6,6,7,8,18,18,18,115,26,5,4.67690816520921,2.0627900000818045,17.766889999961677,323.495652173913
1610807239,1,,Aggregated,0.200000,0.000000,5,5,5,5,6,6,7,8,18,18,18,115,26,5,4.67690816520921,2.0627900000818045,17.766889999961677,323.495652173913
1610807240,1,,Aggregated,0.200000,0.000000,5,5,5,5,6,6,7,8,18,18,18,115,26,5,4.67690816520921,2.0627900000818045,17.766889999961677,323.495652173913
1610807241,1,,Aggregated,0.200000,0.000000,5,5,5,5,6,6,7,8,18,18,18,115,26,5,4.67690816520921,2.0627900000818045,17.766889999961677,323.495652173913
1610807242,1,,Aggregated,0.200000,0.000000,5,5,5,5,6,6,7,8,18,18,18,115,26,5,4.67690816520921,2.0627900000818045,17.766889999961677,323.495652173913
1610807243,1,,Aggregated,0.200000,0.100000,5,5,5,5,6,6,7,8,18,18,18,116,26,5,4.6813579999932555,2.0627900000818045,17.766889999961677,324.3103448275862
1610807244,1,,Aggregated,0.200000,0.100000,5,5,5,5,6,6,7,8,18,18,18,116,26,5,4.6813579999932555,2.0627900000818045,17.766889999961677,324.3103448275862
1610807245,1,,Aggregated,0.200000,0.100000,5,5,5,5,6,6,7,8,18,18,18,116,26,5,4.6813579999932555,2.0627900000818045,17.766889999961677,324.3103448275862
1610807246,1,,Aggregated,0.200000,0.100000,5,5,5,5,6,6,7,8,18,18,18,116,26,5,4.6813579999932555,2.0627900000818045,17.766889999961677,324.3103448275862
1610807247,1,,Aggregated,0.200000,0.100000,5,5,5,5,6,6,7,8,18,18,18,116,26,5,4.6813579999932555,2.0627900000818045,17.766889999961677,324.3103448275862
1610807248,1,,Aggregated,0.200000,0.100000,5,5,5,5,6,6,7,8,18,18,18,117,26,5,4.685341119650527,2.0627900000818045,17.766889999961677,325.1111111111111
1610807249,1,,Aggregated,0.200000,0.100000,5,5,5,5,6,6,7,8,18,18,18,117,26,5,4.685341119650527,2.0627900000818045,17.766889999961677,325.1111111111111
1610807250,1,,Aggregated,0.200000,0.100000,5,5,5,5,6,6,7,8,18,18,18,117,26,5,4.685341119650527,2.0627900000818045,17.766889999961677,325.1111111111111
1610807251,1,,Aggregated,0.200000,0.100000,5,5,5,5,6,6,7,8,18,18,18,117,26,5,4.685341119650527,2.0627900000818045,17.766889999961677,325.1111111111111
1610807252,1,,Aggregated,0.200000,0.100000,5,5,5,5,6,6,7,8,18,18,18,117,26,5,4.685341119650527,2.0627900000818045,17.766889999961677,325.1111111111111
1610807253,1,,Aggregated,0.200000,0.000000,5,5,5,5,6,6,7,8,18,18,18,118,26,5,4.689931906772032,2.0627900000818045,17.766889999961677,325.89830508474574
1610807254,1,,Aggregated,0.200000,0.000000,5,5,5,5,6,6,7,8,18,18,18,118,26,5,4.689931906772032,2.0627900000818045,17.766889999961677,325.89830508474574
1610807255,1,,Aggregated,0.200000,0.000000,5,5,5,5,6,6,7,8,18,18,18,118,26,5,4.689931906772032,2.0627900000818045,17.766889999961677,325.89830508474574
1610807256,1,,Aggregated,0.200000,0.000000,5,5,5,5,6,6,7,8,18,18,18,118,26,5,4.689931906772032,2.0627900000818045,17.766889999961677,325.89830508474574
1610807257,1,,Aggregated,0.200000,0.000000,5,5,5,5,6,6,7,8,18,18,18,118,26,5,4.689931906772032,2.0627900000818045,17.766889999961677,325.89830508474574
1610807258,1,,Aggregated,0.200000,0.000000,5,5,5,5,6,6,7,8,18,18,18,119,27,5,4.66913499999101,2.0627900000818045,17.766889999961677,323.15966386554624
