Time,Memory,Method
2658126,17168,GET
686728,4720,GET
800992,4944,GET
654708,4736,GET
653275,4880,GET
554100,4736,GET
724419,4704,GET
607800,4560,GET
606508,4800,GET
421201,4560,GET
348433,4560,GET
361086,4592,GET
692125,4592,GET
390921,4592,GET
353141,4592,GET
511136,4592,GET
457947,4624,GET
447468,4592,GET
508281,4592,GET
363009,4592,GET
330759,4632,GET
342391,4592,GET
441376,4592,GET
447056,4592,GET
429985,4592,GET
428742,4592,GET
439121,4592,GET
459540,4592,GET
387916,4592,GET
498964,4592,GET
390611,4592,GET
481140,4592,GET
292617,4592,GET
407874,4592,GET
291616,4592,GET
645439,4592,GET
397534,4592,GET
429033,4592,GET
570688,4592,GET
407493,4592,GET
439112,4592,GET
252513,4592,GET
255598,4592,GET
404407,4592,GET
542475,4592,GET
301765,4592,GET
420988,4592,GET
629358,4592,GET
317975,4592,GET
460211,4592,GET
454931,4592,GET
607277,4592,GET
405118,4592,GET
435725,4592,GET
393126,4592,GET
427640,4592,GET
432169,4592,GET
387956,4592,GET
397164,4592,GET
428442,4592,GET
404898,4592,GET
336841,4592,GET
434453,4592,GET
544890,4592,GET
483595,4592,GET
498513,4592,GET
471192,4592,GET
417792,4592,GET
314789,4592,GET
393376,4592,GET
445133,4592,GET
419565,4592,GET
387725,4592,GET
446496,4592,GET
472174,4592,GET
387836,4592,GET
447107,4592,GET
437389,4592,GET
546593,4592,GET
467184,4592,GET
494085,4592,GET
433090,4592,GET
499635,4592,GET
456385,4592,GET
406301,4592,GET
344294,4592,GET
381594,4592,GET
422340,4592,GET
387045,4592,GET
425377,4592,GET
446396,4592,GET
461884,4592,GET
514453,4592,GET
377316,4592,GET
410618,4592,GET
151197,960,POST
141909,784,POST
179150,784,POST
124757,784,POST
155395,784,POST
133734,784,POST
151388,784,POST
127051,784,POST
162519,784,POST
133563,784,POST
126981,784,POST
179340,784,POST
182487,784,POST
126731,784,POST
126581,784,POST
126611,784,POST
167227,784,POST
144825,784,POST
176556,784,POST
129336,784,POST
163440,784,POST
159874,784,POST
140387,784,POST
164322,784,POST
127148,784,POST
136105,784,POST
165509,784,POST
129542,784,POST
153177,784,POST
161201,784,POST
168064,784,POST
131906,784,POST
134451,784,POST
167713,784,POST
183733,784,POST
160895,784,POST
160485,784,POST
126859,784,POST
159593,784,POST
163100,784,POST
186586,784,POST
156937,784,POST
132710,784,POST
133582,784,POST
152829,784,POST
111038,784,POST
127550,784,POST
135915,784,POST
109816,784,POST
125986,784,POST
182291,784,POST
141444,784,POST
128581,784,POST
135153,784,POST
142787,784,POST
117450,784,POST
126597,784,POST
128290,784,POST
128690,784,POST
167123,784,POST
136485,784,POST
184975,784,POST
184325,784,POST
154289,784,POST
127629,784,POST
183894,784,POST
164327,784,POST
185317,784,POST
129563,784,POST
124664,784,POST
162935,784,POST
209132,784,POST
185127,784,POST
151433,784,POST
183734,784,POST
162414,784,POST
155030,784,POST
178374,784,POST
111629,784,POST
163416,784,POST
161663,784,POST
160731,784,POST
155020,784,POST
134402,784,POST
126056,784,POST
138359,784,POST
182101,784,POST
163346,784,POST
160341,784,POST
194054,784,POST
175078,784,POST
149510,784,POST
135133,784,POST
161252,784,POST
173736,784,POST
203481,784,POST
217858,1232,PUT
217106,1032,PUT
133941,976,PUT
134171,976,PUT
140603,976,PUT
168395,976,PUT
209352,976,PUT
138138,976,PUT
188644,976,PUT
134171,976,PUT
188453,976,PUT
167604,976,PUT
132468,976,PUT
175969,976,PUT
126157,976,PUT
168326,976,PUT
205876,976,PUT
161182,976,PUT
158898,976,PUT
208580,976,PUT
162714,976,PUT
180900,976,PUT
158357,976,PUT
186048,976,PUT
195686,976,PUT
216806,976,PUT
165871,976,PUT
168426,976,PUT
174327,976,PUT
158567,976,PUT
165931,976,PUT
118532,976,PUT
150893,976,PUT
146184,976,PUT
87063,976,PUT
142978,976,PUT
171001,976,PUT
147476,976,PUT
137217,976,PUT
136756,976,PUT
163777,976,PUT
132328,808,PUT
131266,808,PUT
142147,808,PUT
150662,808,PUT
133440,808,PUT
125395,808,PUT
132999,808,PUT
145312,808,PUT
136205,808,PUT
125185,808,PUT
128110,808,PUT
153207,808,PUT
128060,808,PUT
124133,808,PUT
152405,808,PUT
148098,808,PUT
139361,808,PUT
169558,808,PUT
128541,808,PUT
126958,808,PUT
122500,808,PUT
150763,808,PUT
155081,808,PUT
154379,808,PUT
138480,808,PUT
122950,808,PUT
124303,808,PUT
173004,808,PUT
135373,808,PUT
133870,808,PUT
176269,808,PUT
134101,808,PUT
155501,808,PUT
122870,808,PUT
273792,808,PUT
165450,808,PUT
120175,808,PUT
120896,808,PUT
123922,808,PUT
138650,808,PUT
123622,808,PUT
151133,808,PUT
128101,808,PUT
120215,808,PUT
82685,808,PUT
156965,808,PUT
117220,808,PUT
122830,808,PUT
157946,808,PUT
176882,808,PUT
158888,808,PUT
185187,808,PUT
132839,808,PUT
131617,808,PUT
126076,808,PUT
128421,808,PUT
123131,808,PUT
707988,5040,DELETE
433010,5024,DELETE
438320,4992,DELETE
462615,4968,DELETE
407973,4992,DELETE
439683,4968,DELETE
421569,4992,DELETE
436116,4968,DELETE
422721,4968,DELETE
447136,4968,DELETE
399858,4992,DELETE
491881,4744,DELETE
545921,4744,DELETE
471512,4744,DELETE
489055,4744,DELETE
431627,4744,DELETE
479687,4744,DELETE
450363,4784,DELETE
439332,4760,DELETE
440654,4760,DELETE
421358,4760,DELETE
492682,4760,DELETE
422580,4760,DELETE
544318,4760,DELETE
527677,4760,DELETE
474047,4760,DELETE
497722,4760,DELETE
545941,4760,DELETE
466392,4760,DELETE
451595,4784,DELETE
512629,4760,DELETE
398576,4760,DELETE
398957,4784,DELETE
438430,4760,DELETE
409666,4760,DELETE
476020,4760,DELETE
411259,4760,DELETE
451625,4784,DELETE
499104,4760,DELETE
460581,4760,DELETE
463848,4760,DELETE
419895,4760,DELETE
566269,4760,DELETE
506708,4760,DELETE
514923,4784,DELETE
485939,4760,DELETE
524582,4760,DELETE
528298,4760,DELETE
488133,4784,DELETE
435876,4760,DELETE
437068,4784,DELETE
481240,4760,DELETE
509232,4784,DELETE
283851,4760,DELETE
285795,4760,DELETE
440865,4760,DELETE
440494,4760,DELETE
406099,4784,DELETE
434483,4784,DELETE
395841,4784,DELETE
407252,4760,DELETE
446395,4760,DELETE
438701,4760,DELETE
455142,4760,DELETE
462466,4784,DELETE
469187,4760,DELETE
455202,4760,DELETE
425005,4760,DELETE
433641,4760,DELETE
430616,4800,DELETE
436697,4760,DELETE
426788,4784,DELETE
388817,4760,DELETE
484426,4760,DELETE
416900,4784,DELETE
484026,4760,DELETE
469178,4784,DELETE
516086,5016,DELETE
575116,4760,DELETE
474578,4760,DELETE
420757,4784,DELETE
453198,4760,DELETE
403805,4760,DELETE
490407,4760,DELETE
437308,4760,DELETE
455943,4784,DELETE
462706,4760,DELETE
427640,4784,DELETE
459941,4760,DELETE
445815,4760,DELETE
523189,4760,DELETE
391733,4760,DELETE
287958,4760,DELETE
417852,4760,DELETE
409897,4760,DELETE
410909,4760,DELETE
412281,4760,DELETE
